timestamp,turbine_id,temperature_c,vibration_mm_s,rpm
15/04/2026 18:48,T-09,71.5,10.3,16.9
15/04/2026 18:49,T-02,56.4,11,12.3
15/04/2026 18:50,T-06,53.1,7.6,16.6
15/04/2026 18:51,T-04,90,8.9,16.6
15/04/2026 18:52,T-05,75,7.3,17.5
15/04/2026 18:53,T-07,64.9,23.5,17.6
15/04/2026 18:54,T-08,75.8,2.6,15.4
15/04/2026 18:55,T-06,65.4,7.2,13.7
15/04/2026 18:56,T-09,58.9,4.2,17.6
15/04/2026 18:57,T-02,54.6,2.8,12.7
15/04/2026 18:58,T-01,50.6,4.9,12.7
15/04/2026 18:59,T-03,56,8.1,16
15/04/2026 19:00,T-05,53.7,2.1,15.6
15/04/2026 19:01,T-07,69.6,17.6,17.5
15/04/2026 19:02,T-09,50.1,6.8,17.6
15/04/2026 19:03,T-05,68.6,11,17.5
15/04/2026 19:04,T-07,68.8,22.4,17.2
15/04/2026 19:05,T-04,95,6.7,15.1
15/04/2026 19:06,T-02,66.9,2.5,17.3
15/04/2026 19:07,T-08,63.2,9.4,16.9
15/04/2026 19:08,T-09,56.4,9,12.2
15/04/2026 19:09,T-01,62.1,10.3,16
15/04/2026 19:10,T-05,57.8,3.8,13.6
15/04/2026 19:11,T-03,56,8.8,13.4
15/04/2026 19:12,T-09,76.1,4,12.6
15/04/2026 19:13,T-06,55.4,2.8,17.6
15/04/2026 19:14,T-06,67.3,5.9,15.1
15/04/2026 19:15,T-04,86.7,7.1,17.4
15/04/2026 19:16,T-02,66.9,8.4,13.9
15/04/2026 19:17,T-08,70.8,8,16.3
15/04/2026 19:18,T-04,92.1,8.6,13.7
15/04/2026 19:19,T-06,52,11.8,16.9
15/04/2026 19:20,T-01,65,6.2,15.7
15/04/2026 19:21,T-09,71.5,10.5,12.9
15/04/2026 19:22,T-08,66.7,12,14
15/04/2026 19:23,T-03,61.1,2.3,15.1
15/04/2026 19:24,T-04,92.9,5.1,12.8
15/04/2026 19:25,T-10,53.8,9.3,12.6
15/04/2026 19:26,T-09,55.1,3.7,13.8
15/04/2026 19:27,T-01,50,11.8,13.4
15/04/2026 19:28,T-10,78.7,8.2,13.4
15/04/2026 19:29,T-10,72.9,9,13.4
15/04/2026 19:30,T-06,60.3,9.6,14.7
15/04/2026 19:31,T-09,54.4,10.9,15.5
15/04/2026 19:32,T-08,65.7,3.6,15.1
15/04/2026 19:33,T-06,67.7,7.7,13.2
15/04/2026 19:34,T-01,56.3,4.1,13.9
15/04/2026 19:35,T-02,57.3,8.8,12.3
15/04/2026 19:36,T-04,92.5,9,14.9
15/04/2026 19:37,T-06,71.1,4.4,17.5
15/04/2026 19:38,T-07,74.7,23.6,12.6
15/04/2026 19:39,T-07,73.2,23.5,17.5
15/04/2026 19:40,T-07,74.4,19.7,16.2
15/04/2026 19:41,T-08,52.5,11.9,13.5
15/04/2026 19:42,T-07,72.4,24.1,16.4
15/04/2026 19:43,T-01,51.4,8.7,15.7
15/04/2026 19:44,T-09,50.4,9.2,15.5
15/04/2026 19:45,T-05,72.2,8.2,14.9
15/04/2026 19:46,T-08,69.5,4.8,13.3
15/04/2026 19:47,T-07,64.1,21.8,12.3
15/04/2026 19:48,T-10,62.5,10.9,14.1
15/04/2026 19:49,T-05,50.3,5,14.9
15/04/2026 19:50,T-03,52.1,8,16.9
15/04/2026 19:51,T-09,50,3.7,12.1
15/04/2026 19:52,T-07,74.7,23.4,14.1
15/04/2026 19:53,T-08,76.8,4.6,14.6
15/04/2026 19:54,T-05,72.7,2.4,12.3
15/04/2026 19:55,T-06,74.7,8.1,16.1
15/04/2026 19:56,T-10,54.3,8.7,12.6
15/04/2026 19:57,T-03,76.8,8.5,16.2
15/04/2026 19:58,T-10,79.5,4.4,13.5
15/04/2026 19:59,T-03,55.3,3,17.6
15/04/2026 20:00,T-03,56.4,7.9,13.6
15/04/2026 20:01,T-03,71.6,9.8,14.8
15/04/2026 20:02,T-09,63.1,3,13.3
15/04/2026 20:03,T-02,76,6.1,12.3
15/04/2026 20:04,T-06,77.5,5.3,13.5
15/04/2026 20:05,T-04,94.8,9.6,16.3
15/04/2026 20:06,T-02,61,11.7,17.7
15/04/2026 20:07,T-01,59.1,11.1,13.9
15/04/2026 20:08,T-01,73.8,4.6,17.4
15/04/2026 20:09,T-09,53.7,4.4,12.6
15/04/2026 20:10,T-04,92.8,5.3,13.2
15/04/2026 20:11,T-05,55.6,10.4,14.9
15/04/2026 20:12,T-01,61.4,3.3,16.4
15/04/2026 20:13,T-03,74.5,2.8,17.1
15/04/2026 20:14,T-01,52.8,9.5,13.4
15/04/2026 20:15,T-07,66.4,24.2,15.9
15/04/2026 20:16,T-05,79.1,7.3,14
15/04/2026 20:17,T-07,64.4,24.7,15.7
15/04/2026 20:18,T-01,57.6,5.7,15.1
15/04/2026 20:19,T-09,64.1,5.9,17.4
15/04/2026 20:20,T-10,77.2,2.4,14.1
15/04/2026 20:21,T-03,79.6,10.4,16.2
15/04/2026 20:22,T-05,58.4,8.7,15.9
15/04/2026 20:23,T-09,66.6,9.8,17.4
15/04/2026 20:24,T-07,74.8,20.7,15.4
15/04/2026 20:25,T-08,59.3,7.3,12.4
15/04/2026 20:26,T-10,75.1,6.3,14.3
15/04/2026 20:27,T-03,59.3,4.2,17.1
15/04/2026 20:28,T-04,94.8,8.9,12.7
15/04/2026 20:29,T-09,78.3,4.8,13.4
15/04/2026 20:30,T-05,51.9,6.8,13.2
15/04/2026 20:31,T-03,52.2,7.8,13.9
15/04/2026 20:32,T-04,91,7,17.6
15/04/2026 20:33,T-04,86.1,9.9,13.7
15/04/2026 20:34,T-08,50.1,6.2,17.7
15/04/2026 20:35,T-01,68.4,4.5,15.2
15/04/2026 20:36,T-07,73.1,20.5,12.6
15/04/2026 20:37,T-09,79.2,11.4,15.2
15/04/2026 20:38,T-08,54.8,4.2,16.9
15/04/2026 20:39,T-02,79.4,9.3,12.2
15/04/2026 20:40,T-04,90.3,9.8,12.3
15/04/2026 20:41,T-08,76.4,11,15
15/04/2026 20:42,T-08,79.2,8.6,15.4
15/04/2026 20:43,T-05,53.9,7.8,15
15/04/2026 20:44,T-09,50.3,11.3,15.8
15/04/2026 20:45,T-07,66.9,17.7,15.9
15/04/2026 20:46,T-07,72.9,20.6,16
15/04/2026 20:47,T-07,73.1,22.7,14.4
15/04/2026 20:48,T-08,59.5,8.3,17.1
15/04/2026 20:49,T-08,66.2,8.2,16.6
15/04/2026 20:50,T-04,91.6,6,16.3
15/04/2026 20:51,T-05,79.1,2.8,13.7
15/04/2026 20:52,T-04,91.3,9.7,16.4
15/04/2026 20:53,T-01,61.7,6,16.4
15/04/2026 20:54,T-02,70.4,8.7,14.3
15/04/2026 20:55,T-03,51.2,6.8,13.5
15/04/2026 20:56,T-06,61,9.6,13.2
15/04/2026 20:57,T-07,67.1,19.3,16.7
15/04/2026 20:58,T-07,70.8,17.5,13.6
15/04/2026 20:59,T-06,67.4,10.5,13.8
15/04/2026 21:00,T-10,60,8.3,12.5
15/04/2026 21:01,T-06,62.2,8.8,13.8
15/04/2026 21:02,T-08,60.4,11,17.8
15/04/2026 21:03,T-01,58.5,7.4,13.6
15/04/2026 21:04,T-05,58.1,10.2,16.9
15/04/2026 21:05,T-01,52.2,9.9,16.8
15/04/2026 21:06,T-02,77.8,2.4,14.4
15/04/2026 21:07,T-10,79,7.3,13.9
15/04/2026 21:08,T-04,88.9,9.6,12.2
15/04/2026 21:09,T-02,59.7,5.9,14.3
15/04/2026 21:10,T-03,79.1,10.5,12.9
15/04/2026 21:11,T-09,60.3,11.1,17.6
15/04/2026 21:12,T-09,53.9,5.4,18
15/04/2026 21:13,T-01,54.7,8.3,17.8
15/04/2026 21:14,T-04,86.3,9.6,12.3
15/04/2026 21:15,T-09,76,6.8,13.8
15/04/2026 21:16,T-02,62.9,5.1,14.8
15/04/2026 21:17,T-01,59.9,2.5,16.1
15/04/2026 21:18,T-10,68.1,11.7,17.4
15/04/2026 21:19,T-02,67.5,10.8,12.5
15/04/2026 21:20,T-07,73.4,19,13.6
15/04/2026 21:21,T-05,79.5,6.5,16
15/04/2026 21:22,T-04,90.6,5.8,13.6
15/04/2026 21:23,T-08,53.3,8.5,14
15/04/2026 21:24,T-07,65.3,20,12.4
15/04/2026 21:25,T-04,91.1,5.7,17.5
15/04/2026 21:26,T-05,67.4,3.7,13.1
15/04/2026 21:27,T-10,56.2,9.2,12.5
15/04/2026 21:28,T-07,61.2,22.3,16
15/04/2026 21:29,T-06,51.6,7,15.5
15/04/2026 21:30,T-10,56.8,7.1,13.4
15/04/2026 21:31,T-08,70,6.2,16.5
15/04/2026 21:32,T-01,58.7,6.1,14.3
15/04/2026 21:33,T-06,55.3,9.8,14.8
15/04/2026 21:34,T-07,68.7,18.6,16.4
15/04/2026 21:35,T-06,54.4,8.8,14.4
15/04/2026 21:36,T-07,67.2,20.7,14.9
15/04/2026 21:37,T-03,64.6,3.2,12.1
15/04/2026 21:38,T-01,59.2,4.4,18
15/04/2026 21:39,T-08,67,8,17.4
15/04/2026 21:40,T-09,54.1,7.1,13.9
15/04/2026 21:41,T-07,68.6,22,14.5
15/04/2026 21:42,T-04,90.5,8.7,16.2
15/04/2026 21:43,T-06,64.3,3.3,14.1
15/04/2026 21:44,T-02,63.9,6.8,17.5
15/04/2026 21:45,T-03,80,5.6,12.1
15/04/2026 21:46,T-10,51.5,4.9,13.7
15/04/2026 21:47,T-06,73.1,9.5,13.7
15/04/2026 21:48,T-09,69.3,8.1,14.3
15/04/2026 21:49,T-02,56,10.6,14.6
15/04/2026 21:50,T-01,66.4,5.3,14.9
15/04/2026 21:51,T-01,59.2,5.9,15.8
15/04/2026 21:52,T-03,75.5,10.5,14.5
15/04/2026 21:53,T-02,78.5,8.5,13.5
15/04/2026 21:54,T-06,59.2,6.4,15
15/04/2026 21:55,T-09,71.9,10.9,15.9
15/04/2026 21:56,T-08,79.4,9.1,15.2
15/04/2026 21:57,T-05,63.4,9.9,13.8
15/04/2026 21:58,T-09,59.5,7.8,14.9
15/04/2026 21:59,T-06,75.3,11,12.9
15/04/2026 22:00,T-03,57.1,10.9,15.3
15/04/2026 22:01,T-09,50.3,4.9,14.3
15/04/2026 22:02,T-02,64.8,10.7,16.6
15/04/2026 22:03,T-07,66.2,19.1,15.2
15/04/2026 22:04,T-02,52.4,11,17.2
15/04/2026 22:05,T-10,70.8,5.7,13.9
15/04/2026 22:06,T-02,67.8,9.5,16
15/04/2026 22:07,T-07,72.5,20.3,13.7
15/04/2026 22:08,T-05,74.9,9,13.9
15/04/2026 22:09,T-07,63.1,20.7,14
15/04/2026 22:10,T-10,69.9,6.5,12.1
15/04/2026 22:11,T-02,72.3,9.7,16.4
15/04/2026 22:12,T-08,79.2,11.1,17.8
15/04/2026 22:13,T-02,70.6,7.3,12.7
15/04/2026 22:14,T-08,80,9.6,13.2
15/04/2026 22:15,T-03,52,5.8,15.2
15/04/2026 22:16,T-01,79,7.6,15.2
15/04/2026 22:17,T-04,92,7.7,17
15/04/2026 22:18,T-04,86.4,7.7,13.5
15/04/2026 22:19,T-10,78.5,8.3,13.4
15/04/2026 22:20,T-03,60.4,3.8,12.3
15/04/2026 22:21,T-08,61.9,7.1,16.8
15/04/2026 22:22,T-03,67.5,5.1,13.3
15/04/2026 22:23,T-09,68,3.6,15.4
15/04/2026 22:24,T-03,74.4,2.2,12.9
15/04/2026 22:25,T-05,71.9,11.7,15.4
15/04/2026 22:26,T-06,78.7,3.9,13.6
15/04/2026 22:27,T-02,57.5,4.1,12.5
15/04/2026 22:28,T-08,53.2,2.7,13.2
15/04/2026 22:29,T-04,91.7,8.8,12.4
15/04/2026 22:30,T-07,71.4,18.7,13.4
15/04/2026 22:31,T-10,56.5,5,14.5
15/04/2026 22:32,T-09,67.8,6.2,15.3
15/04/2026 22:33,T-06,73.4,2.4,14.2
15/04/2026 22:34,T-10,66.1,6.7,15.6
15/04/2026 22:35,T-05,73.4,9.2,17.3
15/04/2026 22:36,T-04,88.9,9.5,17.8
15/04/2026 22:37,T-01,70,6.3,15.6
15/04/2026 22:38,T-01,77.4,9,15.6
15/04/2026 22:39,T-08,79.2,4.1,16.9
15/04/2026 22:40,T-10,70.1,11.1,16.5
15/04/2026 22:41,T-03,58,5.9,16.8
15/04/2026 22:42,T-01,50.5,8.9,14.1
15/04/2026 22:43,T-03,52.3,8.3,16.1
15/04/2026 22:44,T-06,79.6,6.7,17.3
15/04/2026 22:45,T-03,56,6.1,15.9
15/04/2026 22:46,T-08,67.8,4.4,16.6
15/04/2026 22:47,T-08,75.1,7.6,12.1
15/04/2026 22:48,T-07,63.9,21.3,15.8
15/04/2026 22:49,T-05,63.3,5.8,15.3
15/04/2026 22:50,T-03,72.7,3.8,15.5
15/04/2026 22:51,T-01,52.6,8.8,17.7
15/04/2026 22:52,T-02,67.4,4.1,12.2
15/04/2026 22:53,T-07,64.6,22.4,12.1
15/04/2026 22:54,T-07,72,23,15.5
15/04/2026 22:55,T-03,71.2,8.5,17.2
15/04/2026 22:56,T-04,86.5,6.2,16.9
15/04/2026 22:57,T-04,92.9,5.9,13.8
15/04/2026 22:58,T-03,73.5,6.2,14.4
15/04/2026 22:59,T-01,75.7,5.1,17.1
15/04/2026 23:00,T-02,58.2,2.6,17.9
15/04/2026 23:01,T-01,63.9,8.1,14.6
15/04/2026 23:02,T-03,62.5,9,13.7
15/04/2026 23:03,T-03,74.9,6,13.5
15/04/2026 23:04,T-10,60.4,3.3,17.2
15/04/2026 23:05,T-09,66.9,7.6,14.3
15/04/2026 23:06,T-06,73.1,9.6,18
15/04/2026 23:07,T-04,88.3,8.4,14.9
15/04/2026 23:08,T-03,56.4,7.3,15.2
15/04/2026 23:09,T-03,75.3,4.2,15.3
15/04/2026 23:10,T-02,62.1,9.8,13.8
15/04/2026 23:11,T-04,86.7,5.8,14.6
15/04/2026 23:12,T-06,57.6,3.7,12.1
15/04/2026 23:13,T-01,72.3,9.2,14.6
15/04/2026 23:14,T-10,51,9.7,12.2
15/04/2026 23:15,T-03,50.2,8.8,14.3
15/04/2026 23:16,T-02,63.4,8.1,14.6
15/04/2026 23:17,T-02,78.9,10.6,16.7
15/04/2026 23:18,T-02,68.3,8.6,13.9
15/04/2026 23:19,T-02,76.3,3.8,16.3
15/04/2026 23:20,T-03,66.9,8.5,15.1
15/04/2026 23:21,T-07,61.2,16.1,17.5
15/04/2026 23:22,T-05,60.5,4,13.3
15/04/2026 23:23,T-04,88.3,8.7,15.3
15/04/2026 23:24,T-09,58.3,4.3,15.2
15/04/2026 23:25,T-06,66.1,7.4,17.3
15/04/2026 23:26,T-06,60.9,5.8,15.5
15/04/2026 23:27,T-07,70.7,24.7,15.7
15/04/2026 23:28,T-04,93.7,5.2,15.3
15/04/2026 23:29,T-01,51.7,5.4,13.6
15/04/2026 23:30,T-04,90.5,6,12.2
15/04/2026 23:31,T-06,73.2,7.6,13.9
15/04/2026 23:32,T-02,72.1,7.8,14.4
15/04/2026 23:33,T-06,62.9,2.1,14.9
15/04/2026 23:34,T-03,59.9,4.7,16
15/04/2026 23:35,T-03,52.9,6.1,14.4
15/04/2026 23:36,T-02,50.8,8.8,16.2
15/04/2026 23:37,T-04,92.7,5.4,12
15/04/2026 23:38,T-06,50.8,7.8,15.7
15/04/2026 23:39,T-09,78.5,5.2,13.5
15/04/2026 23:40,T-05,68.3,11.4,13
15/04/2026 23:41,T-08,66.9,11.8,17.7
15/04/2026 23:42,T-03,63.1,3.6,12.4
15/04/2026 23:43,T-02,71.6,11.2,18
15/04/2026 23:44,T-03,62,9.8,14.3
15/04/2026 23:45,T-03,63.9,3.8,15
15/04/2026 23:46,T-02,74.5,7.7,14.4
15/04/2026 23:47,T-04,90.6,8.5,13
15/04/2026 23:48,T-03,70.3,11.5,12.6
15/04/2026 23:49,T-07,73.6,20.8,15.4
15/04/2026 23:50,T-05,63.7,11,12.2
15/04/2026 23:51,T-09,51.1,3.7,13.1
15/04/2026 23:52,T-01,57.9,10.9,14.3
15/04/2026 23:53,T-02,53.1,6.4,14.1
15/04/2026 23:54,T-06,71.6,6.8,17.2
15/04/2026 23:55,T-04,88.3,6,16.7
15/04/2026 23:56,T-01,72.1,11.6,15.1
15/04/2026 23:57,T-02,71.3,2.4,17.4
15/04/2026 23:58,T-08,55.2,11.1,13.1
15/04/2026 23:59,T-05,55.5,9.4,16.4
16/04/2026 00:00,T-03,62,7.1,14.8
16/04/2026 00:01,T-03,68.6,3.8,15.7
16/04/2026 00:02,T-03,55.1,2.3,18
16/04/2026 00:03,T-01,72.9,3.2,16.7
16/04/2026 00:04,T-09,57.4,4.5,15.2
16/04/2026 00:05,T-07,63.3,21.8,16
16/04/2026 00:06,T-03,57.2,10,12.6
16/04/2026 00:07,T-07,70.3,19.3,13.9
16/04/2026 00:08,T-08,63,7.9,15.6
16/04/2026 00:09,T-01,61.8,4,13.9
16/04/2026 00:10,T-02,68.3,4.9,17.3
16/04/2026 00:11,T-08,58.9,3.9,14.3
16/04/2026 00:12,T-02,70.2,4.3,16.2
16/04/2026 00:13,T-09,56,4.3,17.6
16/04/2026 00:14,T-08,55.9,5.1,16.6
16/04/2026 00:15,T-02,58.4,9.5,13
16/04/2026 00:16,T-02,79.2,8.8,12.5
16/04/2026 00:17,T-05,72.1,9.8,13.2
16/04/2026 00:18,T-08,71.3,11,14
16/04/2026 00:19,T-02,71.5,6.6,12.7
16/04/2026 00:20,T-09,63.1,2.2,16.7
16/04/2026 00:21,T-10,73.1,7.3,16.8
16/04/2026 00:22,T-10,72.8,3,13.5
16/04/2026 00:23,T-09,58.6,5.6,14.2
16/04/2026 00:24,T-05,66.3,11.1,17.6
16/04/2026 00:25,T-06,52.1,5.3,13.8
16/04/2026 00:26,T-06,67.9,5.6,16.5
16/04/2026 00:27,T-01,67.1,3.7,13.4
16/04/2026 00:28,T-08,65.3,7.5,12.1
16/04/2026 00:29,T-09,57.2,7.3,15.9
16/04/2026 00:30,T-08,77,10.1,15.2
16/04/2026 00:31,T-06,79.9,9.1,16
16/04/2026 00:32,T-09,64.4,5.4,12.6
16/04/2026 00:33,T-08,53.9,11.4,16.4
16/04/2026 00:34,T-09,69.2,3,13.3
16/04/2026 00:35,T-01,55,11,13.5
16/04/2026 00:36,T-09,79.9,8,12.7
16/04/2026 00:37,T-03,59.7,10.4,14.6
16/04/2026 00:38,T-09,53.3,6.7,15.1
16/04/2026 00:39,T-04,94.9,7.3,14.6
16/04/2026 00:40,T-05,66.5,9.8,15.9
16/04/2026 00:41,T-10,71.4,9.8,13.4
16/04/2026 00:42,T-06,71,8.1,12.4
16/04/2026 00:43,T-01,66.2,4.7,16.6
16/04/2026 00:44,T-04,92.2,6.5,12.2
16/04/2026 00:45,T-05,54.7,9.8,12
16/04/2026 00:46,T-03,61.4,11.5,16.4
16/04/2026 00:47,T-02,50.1,10.2,17.2
16/04/2026 00:48,T-08,73.5,2.1,12.8
16/04/2026 00:49,T-10,50.7,5,15.6
16/04/2026 00:50,T-03,78.8,5.8,17.6
16/04/2026 00:51,T-08,59.4,7.7,17.8
16/04/2026 00:52,T-07,68,22.3,17
16/04/2026 00:53,T-10,55.8,5.2,14
16/04/2026 00:54,T-08,58.7,10.5,16.3
16/04/2026 00:55,T-04,94.8,7,17.5
16/04/2026 00:56,T-02,59,11.3,12.5
16/04/2026 00:57,T-09,52.2,6.3,13.8
16/04/2026 00:58,T-04,93.8,5,14.5
16/04/2026 00:59,T-09,52.7,11.5,17.4
16/04/2026 01:00,T-07,68.4,18.9,18
16/04/2026 01:01,T-04,94.5,5.8,12.3
16/04/2026 01:02,T-06,60.3,2.4,15.9
16/04/2026 01:03,T-02,51.8,6.8,16.9
16/04/2026 01:04,T-06,75.9,3.8,15
16/04/2026 01:05,T-01,51.1,6.8,15.5
16/04/2026 01:06,T-09,60.8,11,16.7
16/04/2026 01:07,T-08,53.7,6.7,14.7
16/04/2026 01:08,T-07,72.5,17.3,17.8
16/04/2026 01:09,T-03,63,4,15.4
16/04/2026 01:10,T-10,64.3,2.8,15.4
16/04/2026 01:11,T-06,54.2,6.6,17.4
16/04/2026 01:12,T-01,57.4,3.2,14
16/04/2026 01:13,T-02,63.5,3.1,16.2
16/04/2026 01:14,T-06,61.8,8.6,14.5
16/04/2026 01:15,T-05,67.7,8.2,16.3
16/04/2026 01:16,T-09,66.8,4.9,16.9
16/04/2026 01:17,T-03,59.7,6.2,16.8
16/04/2026 01:18,T-04,86.5,5.1,13.4
16/04/2026 01:19,T-05,66.4,12,15.7
16/04/2026 01:20,T-10,58.6,2.4,14.5
16/04/2026 01:21,T-10,65.2,10.4,16.2
16/04/2026 01:22,T-07,65,19.4,17.9
16/04/2026 01:23,T-08,53.8,4.5,12.8
16/04/2026 01:24,T-01,58.2,5.6,15.1
16/04/2026 01:25,T-04,92.4,8.8,13.7
16/04/2026 01:26,T-08,55,2.5,12.3
16/04/2026 01:27,T-02,50.5,7.8,14.4
16/04/2026 01:28,T-08,55.9,9.5,17.7
16/04/2026 01:29,T-03,61.9,2.5,14.9
16/04/2026 01:30,T-10,52.9,3.9,15.4
16/04/2026 01:31,T-09,57.4,8.7,13.4
16/04/2026 01:32,T-07,62.4,23.5,16.6
16/04/2026 01:33,T-07,70.6,22.6,12.7
16/04/2026 01:34,T-01,64.3,4.5,16.1
16/04/2026 01:35,T-01,71.3,10,14.5
16/04/2026 01:36,T-10,76.1,4.6,13.5
16/04/2026 01:37,T-08,74.2,9,17.5
16/04/2026 01:38,T-01,53.5,2.4,14.2
16/04/2026 01:39,T-06,53.2,3.9,13.5
16/04/2026 01:40,T-06,67.5,3.9,16.2
16/04/2026 01:41,T-06,69.8,7.6,16.5
16/04/2026 01:42,T-02,61.8,11.1,13.8
16/04/2026 01:43,T-09,55.1,4.1,12.1
16/04/2026 01:44,T-09,76.6,7.8,17.8
16/04/2026 01:45,T-08,62.6,6.8,16.3
16/04/2026 01:46,T-04,93.2,6.6,13.6
16/04/2026 01:47,T-04,94.4,9.1,12.7
16/04/2026 01:48,T-10,51.2,7,12.5
16/04/2026 01:49,T-06,51,10.2,14.4
16/04/2026 01:50,T-07,61.8,23.9,16.7
16/04/2026 01:51,T-06,66.3,3.5,17.7
16/04/2026 01:52,T-04,87.6,9,14
16/04/2026 01:53,T-01,58.9,11.8,12.8
16/04/2026 01:54,T-10,71.1,2.7,15.5
16/04/2026 01:55,T-08,69.6,9.6,14.5
16/04/2026 01:56,T-05,58.9,7.5,13.7
16/04/2026 01:57,T-07,74.2,24.2,16.6
16/04/2026 01:58,T-07,62.6,17.2,17.6
16/04/2026 01:59,T-06,67,10.7,12.7
16/04/2026 02:00,T-07,70.9,16.5,17.2
16/04/2026 02:01,T-05,50.8,6,12
16/04/2026 02:02,T-10,79.5,2.7,15.2
16/04/2026 02:03,T-09,61.4,7.7,14.5
16/04/2026 02:04,T-10,62.3,4,16.8
16/04/2026 02:05,T-01,79.3,4,16.2
16/04/2026 02:06,T-01,76.6,10.2,16.5
16/04/2026 02:07,T-08,73.3,5.4,15.7
16/04/2026 02:08,T-08,64.7,11.5,15.8
16/04/2026 02:09,T-10,62.7,6.7,15.6
16/04/2026 02:10,T-06,50.9,8.7,17.3
16/04/2026 02:11,T-07,60.6,19.8,14.3
16/04/2026 02:12,T-09,66.8,4.5,17
16/04/2026 02:13,T-03,67.2,2.1,17.8
16/04/2026 02:14,T-02,70.7,8.7,16.1
16/04/2026 02:15,T-05,77.5,5.3,12.1
16/04/2026 02:16,T-03,79.5,3.9,15.9
16/04/2026 02:17,T-06,55.4,7.8,13.1
16/04/2026 02:18,T-09,70.9,7.7,13
16/04/2026 02:19,T-05,68.4,9.5,12
16/04/2026 02:20,T-01,74.1,10.9,15.1
16/04/2026 02:21,T-09,51.7,7.6,14.2
16/04/2026 02:22,T-04,92.8,9.4,13.2
16/04/2026 02:23,T-01,79.8,2.9,13.2
16/04/2026 02:24,T-04,87,5.4,13.7
16/04/2026 02:25,T-10,55.1,3.5,14.9
16/04/2026 02:26,T-07,70.7,22.5,16
16/04/2026 02:27,T-10,71.5,2.8,14.8
16/04/2026 02:28,T-04,92.6,8.8,14.5
16/04/2026 02:29,T-05,55.4,4.3,16.2
16/04/2026 02:30,T-09,56.8,6.9,12.1
16/04/2026 02:31,T-06,78.8,6.1,17.8
16/04/2026 02:32,T-03,74.7,8.5,16.2
16/04/2026 02:33,T-02,76.3,8.3,13.6
16/04/2026 02:34,T-04,92.1,6.4,16.9
16/04/2026 02:35,T-04,92.4,5.8,16.6
16/04/2026 02:36,T-10,51.8,3.3,14.6
16/04/2026 02:37,T-10,52.1,7.9,16.8
16/04/2026 02:38,T-07,72.2,18.5,12.7
16/04/2026 02:39,T-10,57.5,5.4,16.3
16/04/2026 02:40,T-08,65.7,2.3,15.3
16/04/2026 02:41,T-02,78.3,2.6,12.8
16/04/2026 02:42,T-04,86.2,5.5,13.7
16/04/2026 02:43,T-10,52,3.5,13.5
16/04/2026 02:44,T-01,57.5,5.9,13.5
16/04/2026 02:45,T-07,64.2,24.2,17.7
16/04/2026 02:46,T-04,94.6,5.7,13.1
16/04/2026 02:47,T-07,74.2,16.4,13.1
16/04/2026 02:48,T-09,55.4,4.3,15
16/04/2026 02:49,T-06,70.3,6.1,15.1
16/04/2026 02:50,T-03,59.8,3.8,15.1
16/04/2026 02:51,T-06,59.4,11.7,16.4
16/04/2026 02:52,T-02,62.7,11.9,12.7
16/04/2026 02:53,T-10,79.5,11.7,17.2
16/04/2026 02:54,T-05,59.5,5.5,16.5
16/04/2026 02:55,T-04,94.5,5.4,15.7
16/04/2026 02:56,T-05,68.4,2.6,15.9
16/04/2026 02:57,T-08,72.4,8.1,12.3
16/04/2026 02:58,T-05,79,11.1,15.6
16/04/2026 02:59,T-08,74.4,8,14.6
16/04/2026 03:00,T-02,66.3,11.8,17.6
16/04/2026 03:01,T-01,64.4,7.3,15.8
16/04/2026 03:02,T-03,62.3,9.8,13.9
16/04/2026 03:03,T-09,76,7.3,13.7
16/04/2026 03:04,T-04,88,9.3,17
16/04/2026 03:05,T-05,64,6,14
16/04/2026 03:06,T-08,69.9,3.6,12.2
16/04/2026 03:07,T-03,76.7,4.7,13.7
16/04/2026 03:08,T-06,53.1,6.2,14.3
16/04/2026 03:09,T-02,79.7,3.4,13
16/04/2026 03:10,T-06,74.8,2.3,12.8
16/04/2026 03:11,T-08,75.5,6.1,15.5
16/04/2026 03:12,T-10,52.9,6,13.8
16/04/2026 03:13,T-07,69.1,22.6,16.6
16/04/2026 03:14,T-06,79.9,7.2,13.8
16/04/2026 03:15,T-09,77,2.9,16.5
16/04/2026 03:16,T-05,55.4,4.7,18
16/04/2026 03:17,T-10,65,9.1,13.2
16/04/2026 03:18,T-05,65.7,2,16.6
16/04/2026 03:19,T-03,55.2,9.6,15
16/04/2026 03:20,T-09,74,9.3,12.1
16/04/2026 03:21,T-05,62.7,10.6,13.9
16/04/2026 03:22,T-09,60.8,9,13
16/04/2026 03:23,T-01,52.9,8,13.8
16/04/2026 03:24,T-05,58.4,7.5,14.4
16/04/2026 03:25,T-08,58.3,5.7,14.3
16/04/2026 03:26,T-03,65.1,6.4,12
16/04/2026 03:27,T-09,58.8,8.6,13.1
16/04/2026 03:28,T-10,54.8,11.9,18
16/04/2026 03:29,T-08,52.7,7.5,16.4
16/04/2026 03:30,T-09,51,10.4,15.3
16/04/2026 03:31,T-09,69.7,8,14.2
16/04/2026 03:32,T-02,57.8,12,12.1
16/04/2026 03:33,T-08,55.8,2.8,14.6
16/04/2026 03:34,T-07,73.6,17.5,16.9
16/04/2026 03:35,T-07,62.5,20.6,17.1
16/04/2026 03:36,T-09,76.2,8.4,13.1
16/04/2026 03:37,T-08,60,6.4,17.5
16/04/2026 03:38,T-03,70.2,8.9,12.2
16/04/2026 03:39,T-02,59.7,6.4,12.3
16/04/2026 03:40,T-06,59.9,2.8,14.7
16/04/2026 03:41,T-07,67.2,18.8,17.3
16/04/2026 03:42,T-01,53.8,9.4,13.9
16/04/2026 03:43,T-06,50.7,9.6,12.6
16/04/2026 03:44,T-05,74.1,10.4,17.5
16/04/2026 03:45,T-05,55.4,9,15.3
16/04/2026 03:46,T-07,60,17.6,15.1
16/04/2026 03:47,T-03,60.9,7.3,16.6
16/04/2026 03:48,T-05,61,5.6,12.7
16/04/2026 03:49,T-08,73.2,2.8,17.2
16/04/2026 03:50,T-04,88.7,9.8,17.7
16/04/2026 03:51,T-03,52,6,15.8
16/04/2026 03:52,T-06,73.4,7.1,15.1
16/04/2026 03:53,T-07,64.6,21,14.3
16/04/2026 03:54,T-04,92.3,9.6,16.3
16/04/2026 03:55,T-09,57.5,2,15.9
16/04/2026 03:56,T-08,78.8,6.1,17.8
16/04/2026 03:57,T-05,56.6,4.2,14.2
16/04/2026 03:58,T-10,56.4,4.6,13.6
16/04/2026 03:59,T-02,75.8,9.5,12.7
16/04/2026 04:00,T-08,60.6,8.5,14
16/04/2026 04:01,T-06,55,6.1,16.7
16/04/2026 04:02,T-08,57.6,9,17.3
16/04/2026 04:03,T-04,92.3,5.9,14.8
16/04/2026 04:04,T-03,68.6,5,15.4
16/04/2026 04:05,T-04,87.4,5.2,15.7
16/04/2026 04:06,T-09,62.1,10.4,17.3
16/04/2026 04:07,T-04,89.5,5.7,13
16/04/2026 04:08,T-08,59.4,2.7,16.2
16/04/2026 04:09,T-01,66.8,11.3,13.8
16/04/2026 04:10,T-03,75.7,6,17.5
16/04/2026 04:11,T-09,76.9,9.6,12.4
16/04/2026 04:12,T-08,54.8,4.3,18
16/04/2026 04:13,T-05,64.9,8,17.4
16/04/2026 04:14,T-03,52.4,5.6,15.3
16/04/2026 04:15,T-03,75.1,4.4,13.5
16/04/2026 04:16,T-08,56.1,11,13
16/04/2026 04:17,T-04,87.7,7.9,17.8
16/04/2026 04:18,T-09,61.8,2.9,15.4
16/04/2026 04:19,T-06,71.3,9.5,14.3
16/04/2026 04:20,T-09,58.5,3.8,13.9
16/04/2026 04:21,T-08,76.3,9,16.1
16/04/2026 04:22,T-08,54.3,3,15.3
16/04/2026 04:23,T-01,79.3,11.2,12.6
16/04/2026 04:24,T-10,68.8,9,12.7
16/04/2026 04:25,T-08,69.1,10.6,14.3
16/04/2026 04:26,T-06,56.5,11.2,14.2
16/04/2026 04:27,T-01,79.7,2.2,17.3
16/04/2026 04:28,T-09,72.4,4,14.1
16/04/2026 04:29,T-04,89.2,9.9,16.9
16/04/2026 04:30,T-03,63.7,5.8,13.7
16/04/2026 04:31,T-04,88.9,7.1,16.6
16/04/2026 04:32,T-09,76.2,9.9,13.1
16/04/2026 04:33,T-06,74.3,3.7,13.6
16/04/2026 04:34,T-07,71.4,16.5,17.1
16/04/2026 04:35,T-01,54.1,2.8,14
16/04/2026 04:36,T-08,75.7,5.1,13.7
16/04/2026 04:37,T-08,72.7,5.9,14.4
16/04/2026 04:38,T-09,69.6,3,15.2
16/04/2026 04:39,T-01,51.1,4.2,12.5
16/04/2026 04:40,T-03,71.2,6.2,12.8
16/04/2026 04:41,T-07,64.1,24.2,13.9
16/04/2026 04:42,T-03,53.2,4,12
16/04/2026 04:43,T-07,63.4,22,12.7
16/04/2026 04:44,T-03,65.1,7.2,13.3
16/04/2026 04:45,T-10,66.4,5.7,14.9
16/04/2026 04:46,T-04,90.2,9.7,16.8
16/04/2026 04:47,T-04,89.2,9.7,14.7
16/04/2026 04:48,T-05,69.3,7.2,15.8
16/04/2026 04:49,T-08,66.1,2.4,13.1
16/04/2026 04:50,T-10,61.3,3.1,16.8
16/04/2026 04:51,T-02,55.8,11.3,14.1
16/04/2026 04:52,T-05,78.4,10,13.1
16/04/2026 04:53,T-02,72.4,2.5,13.9
16/04/2026 04:54,T-09,68.6,10.6,15.3
16/04/2026 04:55,T-09,69.7,8.9,12.9
16/04/2026 04:56,T-06,74.6,11.1,16.8
16/04/2026 04:57,T-07,71.5,18.1,15.6
16/04/2026 04:58,T-06,67.2,2.5,17.1
16/04/2026 04:59,T-06,63.3,7.1,13.5
16/04/2026 05:00,T-02,64.7,5.7,12.6
16/04/2026 05:01,T-09,75.1,4,12.1
16/04/2026 05:02,T-05,54.5,10.5,17.8
16/04/2026 05:03,T-07,68.4,17.3,13.1
16/04/2026 05:04,T-01,73.6,7.5,14.1
16/04/2026 05:05,T-08,57.4,6.3,17
16/04/2026 05:06,T-06,55.6,8.6,17.7
16/04/2026 05:07,T-06,57.5,3.2,15.2
16/04/2026 05:08,T-06,64.4,11.2,13.6
16/04/2026 05:09,T-03,67.7,7.5,13.4
16/04/2026 05:10,T-03,62.6,6.4,17
16/04/2026 05:11,T-07,61.4,24.2,16.2
16/04/2026 05:12,T-08,57.2,4,12.2
16/04/2026 05:13,T-10,60.5,8.1,15.5
16/04/2026 05:14,T-06,74.2,10.4,16.8
16/04/2026 05:15,T-09,58,8.8,15.7
16/04/2026 05:16,T-07,61.8,21,16.7
16/04/2026 05:17,T-08,61,11.8,17.8
16/04/2026 05:18,T-07,66.7,22.3,13.2
16/04/2026 05:19,T-02,73,2.4,17.5
16/04/2026 05:20,T-08,58.2,8,15.8
16/04/2026 05:21,T-02,69.4,6.9,12.1
16/04/2026 05:22,T-07,74.8,23.6,17.3
16/04/2026 05:23,T-10,75.5,4.2,15.8
16/04/2026 05:24,T-05,59.7,5.8,17.5
16/04/2026 05:25,T-07,73.8,20.4,16.2
16/04/2026 05:26,T-09,57.5,6.9,15.8
16/04/2026 05:27,T-03,68.2,10.6,17.7
16/04/2026 05:28,T-02,73.1,11.2,15.9
16/04/2026 05:29,T-02,66.2,11.3,12.8
16/04/2026 05:30,T-08,61.8,10.8,17.7
16/04/2026 05:31,T-05,67.1,7.1,16.2
16/04/2026 05:32,T-10,67,2.4,15.7
16/04/2026 05:33,T-06,74.5,11.4,17.9
16/04/2026 05:34,T-09,56.1,9.4,16.5
16/04/2026 05:35,T-10,52.4,7,16.2
16/04/2026 05:36,T-06,59.8,11.4,16.2
16/04/2026 05:37,T-04,93,5.5,13.5
16/04/2026 05:38,T-01,65.6,3.4,17.6
16/04/2026 05:39,T-02,65.6,5.6,12.4
16/04/2026 05:40,T-08,73.9,7.4,14.4
16/04/2026 05:41,T-04,91.9,9.2,15
16/04/2026 05:42,T-09,79.2,7.6,17.6
16/04/2026 05:43,T-10,51.2,5.9,14.8
16/04/2026 05:44,T-10,64.3,6.6,15.2
16/04/2026 05:45,T-02,75.1,3.9,16.3
16/04/2026 05:46,T-09,77.4,10.1,13.4
16/04/2026 05:47,T-08,74.3,6.9,17.3
16/04/2026 05:48,T-05,58.8,11.9,17.8
16/04/2026 05:49,T-03,56.5,3.8,17.4
16/04/2026 05:50,T-06,72.3,7,16.7
16/04/2026 05:51,T-04,94.4,5.8,16.4
16/04/2026 05:52,T-10,75.8,5.4,15.4
16/04/2026 05:53,T-01,59.1,8,17.5
16/04/2026 05:54,T-02,57.6,10.3,14.6
16/04/2026 05:55,T-04,91.6,7.7,16
16/04/2026 05:56,T-09,79.3,5.7,12.9
16/04/2026 05:57,T-01,59.3,5.5,17.7
16/04/2026 05:58,T-03,68.9,4.7,13.9
16/04/2026 05:59,T-05,59.6,11.4,12.6
16/04/2026 06:00,T-10,52.6,5.7,16
16/04/2026 06:01,T-10,53.7,9.7,17.3
16/04/2026 06:02,T-10,75.6,2.5,13.4
16/04/2026 06:03,T-06,51.9,7.1,14.4
16/04/2026 06:04,T-03,78.8,3,12.4
16/04/2026 06:05,T-04,93.6,9.3,13.4
16/04/2026 06:06,T-01,50.6,8.5,16.8
16/04/2026 06:07,T-08,68.9,9.2,14.7
16/04/2026 06:08,T-07,61,24.7,13.3
16/04/2026 06:09,T-01,78,7.4,13.4
16/04/2026 06:10,T-03,71.1,6.7,18
16/04/2026 06:11,T-05,79.1,7,13.9
16/04/2026 06:12,T-10,52.5,4.6,14.8
16/04/2026 06:13,T-09,68.8,8.5,16.2
16/04/2026 06:14,T-05,79.4,2.4,17.5
16/04/2026 06:15,T-06,53.4,3.8,12.5
16/04/2026 06:16,T-01,58.2,9.5,17.9
16/04/2026 06:17,T-10,77.1,4.2,14.6
16/04/2026 06:18,T-04,93.8,7.7,16
16/04/2026 06:19,T-03,58.2,10.6,12.3
16/04/2026 06:20,T-09,74.4,4.8,12.3
16/04/2026 06:21,T-07,70,18,17
16/04/2026 06:22,T-05,57.1,10.5,14.7
16/04/2026 06:23,T-03,60.9,11.4,14.6
16/04/2026 06:24,T-05,78.7,3.7,17.3
16/04/2026 06:25,T-10,50.4,7.9,17.7
16/04/2026 06:26,T-01,75.7,5.9,17.6
16/04/2026 06:27,T-07,66.4,24.2,16.4
16/04/2026 06:28,T-10,50.1,5,14.6
16/04/2026 06:29,T-09,68.5,2.8,16.2
16/04/2026 06:30,T-09,72.4,8.4,13.8
16/04/2026 06:31,T-06,60.6,8.8,17.6
16/04/2026 06:32,T-07,64.4,19.7,16.1
16/04/2026 06:33,T-02,75.1,7,12.9
16/04/2026 06:34,T-04,90.2,8.6,16.5
16/04/2026 06:35,T-10,75.4,8.1,12.9
16/04/2026 06:36,T-05,52.8,3.5,13.8
16/04/2026 06:37,T-04,91.5,8.6,15.7
16/04/2026 06:38,T-04,89,9.5,14.7
16/04/2026 06:39,T-06,72.3,3.3,13.1
16/04/2026 06:40,T-09,74.2,7.6,14
16/04/2026 06:41,T-07,69.6,18.6,12.8
16/04/2026 06:42,T-05,74.7,9.1,15.8
16/04/2026 06:43,T-10,54.7,3.5,17.3
16/04/2026 06:44,T-05,61,8.2,13.1
16/04/2026 06:45,T-05,59.7,11.3,17.8
16/04/2026 06:46,T-07,66.5,23.3,17.4
16/04/2026 06:47,T-01,77.8,4.2,16.5
16/04/2026 06:48,T-09,50.6,11.5,12.3
16/04/2026 06:49,T-09,69.7,10.5,15
16/04/2026 06:50,T-01,69.9,9.4,12.8
16/04/2026 06:51,T-09,75.4,2.1,16.6
16/04/2026 06:52,T-02,53.1,3.3,15.7
16/04/2026 06:53,T-04,89.3,7.7,16.5
16/04/2026 06:54,T-09,68.3,3.6,13.1
16/04/2026 06:55,T-07,74.9,24.4,17.4
16/04/2026 06:56,T-08,58,7.4,12.7
16/04/2026 06:57,T-09,55.5,5.9,14.4
16/04/2026 06:58,T-10,71.6,8.3,17.3
16/04/2026 06:59,T-06,60,10.7,13.7
16/04/2026 07:00,T-09,53.7,9.5,15.9
16/04/2026 07:01,T-01,54.9,11.8,15.9
16/04/2026 07:02,T-01,74.9,5.3,17.2
16/04/2026 07:03,T-08,60.7,10.3,17.8
16/04/2026 07:04,T-05,74.2,3.1,14.4
16/04/2026 07:05,T-01,55.5,2.2,16.5
16/04/2026 07:06,T-09,58.4,11.8,14.7
16/04/2026 07:07,T-02,71.5,7.9,13.5
16/04/2026 07:08,T-04,88.9,7.3,14.1
16/04/2026 07:09,T-06,51.5,9.1,14
16/04/2026 07:10,T-07,67.9,19.6,14.7
16/04/2026 07:11,T-08,59.1,3.7,17.3
16/04/2026 07:12,T-07,67.9,23.8,15
16/04/2026 07:13,T-08,71.6,2.4,14.3
16/04/2026 07:14,T-08,57.8,11,15.3
16/04/2026 07:15,T-10,58.8,6.8,13.5
16/04/2026 07:16,T-01,75.6,6.4,12.3
16/04/2026 07:17,T-04,88.2,8.5,17
16/04/2026 07:18,T-08,75.9,9.7,17.3
16/04/2026 07:19,T-02,58.7,9.7,15.9
16/04/2026 07:20,T-09,61.4,4.9,17.2
16/04/2026 07:21,T-03,65.5,3.3,15.2
16/04/2026 07:22,T-09,70.3,3.7,15.3
16/04/2026 07:23,T-02,64.3,5,17.3
16/04/2026 07:24,T-08,69.3,10.4,14.4
16/04/2026 07:25,T-05,57.9,7.3,12.4
16/04/2026 07:26,T-04,88.3,7.8,14.3
16/04/2026 07:27,T-03,61.9,5,17.1
16/04/2026 07:28,T-06,60.7,8.3,14
16/04/2026 07:29,T-04,90.9,5.2,16.3
16/04/2026 07:30,T-05,50,6.5,16.7
16/04/2026 07:31,T-01,64.5,5.2,15.7
16/04/2026 07:32,T-03,63.2,9,13.1
16/04/2026 07:33,T-06,59.8,11.2,17.8
16/04/2026 07:34,T-04,89.9,9.5,13.7
16/04/2026 07:35,T-04,88.6,10,17.9
16/04/2026 07:36,T-04,93.5,7.4,16.6
16/04/2026 07:37,T-01,76.2,11,14.3
16/04/2026 07:38,T-01,70.7,7.7,17.5
16/04/2026 07:39,T-02,54.8,6.5,16.5
16/04/2026 07:40,T-10,65.4,4.8,12.6
16/04/2026 07:41,T-06,53.2,5.9,14.5
16/04/2026 07:42,T-03,75.5,2.3,16.2
16/04/2026 07:43,T-07,60.6,23.9,15.2
16/04/2026 07:44,T-07,69.7,19.1,17.4
16/04/2026 07:45,T-05,79.3,9.4,17.1
16/04/2026 07:46,T-06,68.2,5.4,13.6
16/04/2026 07:47,T-07,74,22.2,15.9
16/04/2026 07:48,T-02,55,5.4,12.9
16/04/2026 07:49,T-10,78.8,2.7,15.6
16/04/2026 07:50,T-02,77.7,11.5,17
16/04/2026 07:51,T-07,72,17.3,13.3
16/04/2026 07:52,T-06,65,4.3,17.1
16/04/2026 07:53,T-05,60.6,4.7,17.5
16/04/2026 07:54,T-07,66.2,21.4,12.8
16/04/2026 07:55,T-08,54.2,4.6,17.4
16/04/2026 07:56,T-06,75.5,6.1,16.1
16/04/2026 07:57,T-07,71.1,21.8,14.9
16/04/2026 07:58,T-09,51.4,10.8,17
16/04/2026 07:59,T-01,61.3,4.6,17.6
16/04/2026 08:00,T-04,87,6.5,17
16/04/2026 08:01,T-09,63,7.5,14
16/04/2026 08:02,T-06,69.2,4.6,13.8
16/04/2026 08:03,T-02,61.9,4.5,12.1
16/04/2026 08:04,T-04,91.7,6.3,14.1
16/04/2026 08:05,T-01,64.3,3.7,17.1
16/04/2026 08:06,T-05,63.6,8.5,17.5
16/04/2026 08:07,T-10,77,4.9,17.1
16/04/2026 08:08,T-01,67.6,11.7,14.2
16/04/2026 08:09,T-07,63.4,20.6,12.5
16/04/2026 08:10,T-03,66.8,9.9,13.2
16/04/2026 08:11,T-01,56.7,3.1,15.4
16/04/2026 08:12,T-10,54.5,5.3,17.4
16/04/2026 08:13,T-06,62.9,4.9,13.6
16/04/2026 08:14,T-05,74.2,4.3,12.9
16/04/2026 08:15,T-09,70.2,9.5,16.3
16/04/2026 08:16,T-03,58,10.9,13.6
16/04/2026 08:17,T-03,58.7,11.8,12.7
16/04/2026 08:18,T-03,77.2,6,14.8
16/04/2026 08:19,T-07,63.4,22.5,17
16/04/2026 08:20,T-01,52.7,9.1,13
16/04/2026 08:21,T-09,65.1,8.9,16.7
16/04/2026 08:22,T-02,50.7,8.5,14.6
16/04/2026 08:23,T-01,72.3,8.5,13.2
16/04/2026 08:24,T-02,57.4,8.5,15.5
16/04/2026 08:25,T-03,68.9,9,13.6
16/04/2026 08:26,T-07,65.9,18.9,16.8
16/04/2026 08:27,T-10,57.8,4.9,14.9
16/04/2026 08:28,T-06,54.1,5.8,13.4
16/04/2026 08:29,T-03,68.6,6.9,16.7
16/04/2026 08:30,T-06,69,11.9,16.8
16/04/2026 08:31,T-07,73.5,19.6,16.8
16/04/2026 08:32,T-08,72.2,6.8,16
16/04/2026 08:33,T-09,53.2,8.1,12.8
16/04/2026 08:34,T-10,67,3.5,14.6
16/04/2026 08:35,T-10,54.4,10.5,14.9
16/04/2026 08:36,T-09,79.8,6.5,17.8
16/04/2026 08:37,T-02,53.2,6.4,13.7
16/04/2026 08:38,T-03,63.7,8.9,14.6
16/04/2026 08:39,T-05,57.3,8.3,12.7
16/04/2026 08:40,T-05,79.6,3.7,14.9
16/04/2026 08:41,T-04,93.4,5.6,17.9
16/04/2026 08:42,T-01,72.3,2.9,18
16/04/2026 08:43,T-05,59.2,3.6,17
16/04/2026 08:44,T-07,68.6,23.7,14.6
16/04/2026 08:45,T-03,75.8,11.9,16.9
16/04/2026 08:46,T-02,58.4,4.4,16.8
16/04/2026 08:47,T-10,67.9,10.2,12.2
16/04/2026 08:48,T-06,70.9,11.3,14.5
16/04/2026 08:49,T-01,55,3,12.4
16/04/2026 08:50,T-08,69.3,9.3,15.4
16/04/2026 08:51,T-01,67.7,11.8,17.6
16/04/2026 08:52,T-02,70,6.1,16.2
16/04/2026 08:53,T-09,56.2,9.5,12.6
16/04/2026 08:54,T-05,62.3,4.3,13.2
16/04/2026 08:55,T-02,63.1,10.9,15.9
16/04/2026 08:56,T-08,65.7,11.3,14.7
16/04/2026 08:57,T-10,76.4,6.7,12.7
16/04/2026 08:58,T-08,57.2,4.4,17.3
16/04/2026 08:59,T-10,60.7,8.8,13
16/04/2026 09:00,T-07,60.3,17.9,13.5
16/04/2026 09:01,T-02,57.3,2.2,17
16/04/2026 09:02,T-01,61.5,4.4,13.2
16/04/2026 09:03,T-03,52.3,5.6,15.8
16/04/2026 09:04,T-09,51.7,9.6,16.4
16/04/2026 09:05,T-02,67.4,11.7,17.6
16/04/2026 09:06,T-05,66.7,9.5,17.8
16/04/2026 09:07,T-01,56,10.9,14.1
16/04/2026 09:08,T-04,93.5,9.4,18
16/04/2026 09:09,T-01,54.1,9.4,12.7
16/04/2026 09:10,T-06,50.8,3.1,13
16/04/2026 09:11,T-04,94,7.5,17.1
16/04/2026 09:12,T-07,70.7,22,15.6
16/04/2026 09:13,T-02,60.9,10.9,13.8
16/04/2026 09:14,T-02,50.4,6.9,14
16/04/2026 09:15,T-08,76.5,10,15.9
16/04/2026 09:16,T-08,60.8,6,16
16/04/2026 09:17,T-04,87.9,5.8,15.5
16/04/2026 09:18,T-08,62.9,5.8,16.1
16/04/2026 09:19,T-09,55,5.1,13.6
16/04/2026 09:20,T-06,77.5,5.8,12.5
16/04/2026 09:21,T-06,59,6.7,14.9
16/04/2026 09:22,T-01,54.1,7.3,16.4
16/04/2026 09:23,T-03,62.9,6.2,12.4
16/04/2026 09:24,T-01,73.1,6,17.9
16/04/2026 09:25,T-08,51.3,6.7,15.4
16/04/2026 09:26,T-02,50.1,9.9,17.3
16/04/2026 09:27,T-01,56.4,11.5,12.7
16/04/2026 09:28,T-04,93.1,5.9,13.4
16/04/2026 09:29,T-05,76.5,6.5,16.2
16/04/2026 09:30,T-05,65.6,3.6,13.8
16/04/2026 09:31,T-04,93,10,16.8
16/04/2026 09:32,T-04,88.3,5.8,14.5
16/04/2026 09:33,T-07,61.7,23.8,12.2
16/04/2026 09:34,T-07,67.8,18.4,15.8
16/04/2026 09:35,T-08,54.9,10.1,14.2
16/04/2026 09:36,T-07,71.3,24.7,16.9
16/04/2026 09:37,T-04,86.3,9.3,12.3
16/04/2026 09:38,T-03,76.8,5,13
16/04/2026 09:39,T-10,51.2,5,13.2
16/04/2026 09:40,T-07,60.7,20.4,13
16/04/2026 09:41,T-01,76.2,5.8,16.2
16/04/2026 09:42,T-03,65.8,8.8,17.5
16/04/2026 09:43,T-10,61.8,4,14.9
16/04/2026 09:44,T-07,69.1,23.5,14.9
16/04/2026 09:45,T-07,68.3,17,15.9
16/04/2026 09:46,T-05,57.5,9.1,17.4
16/04/2026 09:47,T-02,69.7,7.1,17.3
16/04/2026 09:48,T-07,69.5,20.8,12.2
16/04/2026 09:49,T-07,74.9,19.6,12.9
16/04/2026 09:50,T-05,63.4,2.9,16.3
16/04/2026 09:51,T-06,54.7,9,17.1
16/04/2026 09:52,T-02,79,2.7,16.2
16/04/2026 09:53,T-08,77.3,4.5,13.2
16/04/2026 09:54,T-10,54.6,7.3,14.3
16/04/2026 09:55,T-09,51.7,3.9,18
16/04/2026 09:56,T-06,71,2.4,12.6
16/04/2026 09:57,T-03,70.6,3.4,16.6
16/04/2026 09:58,T-04,92.5,6,15.8
16/04/2026 09:59,T-09,79.7,6.1,12.6
16/04/2026 10:00,T-02,67.6,2.9,14.9
16/04/2026 10:01,T-05,69.4,9,15.7
16/04/2026 10:02,T-05,65,5.8,12.6
16/04/2026 10:03,T-02,77.4,6.6,12
16/04/2026 10:04,T-03,57.4,7,15.9
16/04/2026 10:05,T-10,52.3,3.5,13.8
16/04/2026 10:06,T-10,70.6,2.2,12.4
16/04/2026 10:07,T-10,57.6,5.9,12
16/04/2026 10:08,T-10,63.3,11.7,17.1
16/04/2026 10:09,T-10,53.1,4.8,12.9
16/04/2026 10:10,T-08,66.5,9,15.4
16/04/2026 10:11,T-06,70.7,10.4,15.2
16/04/2026 10:12,T-08,55.1,11.1,12.6
16/04/2026 10:13,T-07,72.3,24.6,15.5
16/04/2026 10:14,T-07,63.5,17.1,14.7
16/04/2026 10:15,T-03,51.4,8,14.1
16/04/2026 10:16,T-01,63.1,7.8,14.6
16/04/2026 10:17,T-09,76.7,7.5,15.1
16/04/2026 10:18,T-05,76.3,9.5,12.2
16/04/2026 10:19,T-02,54.5,7.6,14.9
16/04/2026 10:20,T-04,86.3,9.9,16.2
16/04/2026 10:21,T-04,87.2,5.6,14.1
16/04/2026 10:22,T-07,69,22.7,15.2
16/04/2026 10:23,T-08,50.7,2.4,16.6
16/04/2026 10:24,T-08,76.3,4.3,14.3
16/04/2026 10:25,T-05,54.7,6.8,12.8
16/04/2026 10:26,T-08,64.8,11.9,13.2
16/04/2026 10:27,T-03,66.1,11,16.5
16/04/2026 10:28,T-03,73.6,2.2,16.5
16/04/2026 10:29,T-08,55,10.5,15.6
16/04/2026 10:30,T-07,64.7,20.9,15.9
16/04/2026 10:31,T-03,61.1,9.9,12.2
16/04/2026 10:32,T-09,60.9,4.4,12.5
16/04/2026 10:33,T-05,76.1,11.7,13.4
16/04/2026 10:34,T-05,52.5,2.3,16.1
16/04/2026 10:35,T-04,94.3,7.6,12.6
16/04/2026 10:36,T-10,63.7,7.4,12.1
16/04/2026 10:37,T-01,50.2,7.9,12.5
16/04/2026 10:38,T-06,78.1,8.5,17
16/04/2026 10:39,T-08,63.5,5.1,13.1
16/04/2026 10:40,T-03,75.7,4.7,16
16/04/2026 10:41,T-03,71.1,2.7,13
16/04/2026 10:42,T-08,77.1,4.3,13.1
16/04/2026 10:43,T-06,73.4,4.4,16.7
16/04/2026 10:44,T-01,60.3,8.3,15.7
16/04/2026 10:45,T-03,69.1,2.9,14.7
16/04/2026 10:46,T-06,53.2,9.1,16.3
16/04/2026 10:47,T-09,52.6,11.8,17.3
16/04/2026 10:48,T-08,77.2,7,17.4
16/04/2026 10:49,T-04,87.8,9.8,14.8
16/04/2026 10:50,T-10,79,11,14
16/04/2026 10:51,T-01,71.3,7.5,12.7
16/04/2026 10:52,T-09,53.3,8.4,15.1
16/04/2026 10:53,T-02,72.6,8.7,14.9
16/04/2026 10:54,T-02,72.5,3.3,15.9
16/04/2026 10:55,T-09,69,3,13
16/04/2026 10:56,T-09,56.1,2.5,17
16/04/2026 10:57,T-06,61.1,8,15.2
16/04/2026 10:58,T-01,54.9,7.8,14.8
16/04/2026 10:59,T-08,53.4,2.3,17.7
16/04/2026 11:00,T-05,64.6,9.6,13.5
16/04/2026 11:01,T-09,50.7,5.2,13
16/04/2026 11:02,T-06,67.9,2.9,12.5
16/04/2026 11:03,T-02,77.2,6.5,14.6
16/04/2026 11:04,T-03,73.3,4.9,13.5
16/04/2026 11:05,T-02,59.8,7.4,12.7
16/04/2026 11:06,T-06,62.3,8.7,13.7
16/04/2026 11:07,T-04,94.3,8.4,13.7
16/04/2026 11:08,T-05,73.3,9,16.5
16/04/2026 11:09,T-02,73,8.8,17.3
16/04/2026 11:10,T-09,58.7,6.4,15
16/04/2026 11:11,T-08,76.7,8.8,16.3
16/04/2026 11:12,T-05,71,6.2,15.5
16/04/2026 11:13,T-01,69.6,6.2,12.7
16/04/2026 11:14,T-06,77.8,3.7,17.2
16/04/2026 11:15,T-07,74.9,22.6,13.8
16/04/2026 11:16,T-07,69.2,19.5,16.4
16/04/2026 11:17,T-01,62.5,8.6,16.9
16/04/2026 11:18,T-07,74.4,19.8,15.3
16/04/2026 11:19,T-01,60.1,10,14.6
16/04/2026 11:20,T-10,69.7,8.4,13.7
16/04/2026 11:21,T-07,72.2,16.9,15.3
16/04/2026 11:22,T-08,77.7,6.4,16.4
16/04/2026 11:23,T-10,52,7.2,13.9
16/04/2026 11:24,T-08,67.8,4.7,12.9
16/04/2026 11:25,T-01,64.6,8.4,17
16/04/2026 11:26,T-06,76,5.6,16.4
16/04/2026 11:27,T-10,66.7,3.9,17.5
16/04/2026 11:28,T-10,51.7,8.3,14.8
16/04/2026 11:29,T-10,74.7,9.8,12.5
16/04/2026 11:30,T-02,79.4,9.7,17.7
16/04/2026 11:31,T-07,70.2,17.5,14.6
16/04/2026 11:32,T-09,55.3,6.3,16
16/04/2026 11:33,T-06,57,11.5,16.3
16/04/2026 11:34,T-06,73.2,4.2,12.6
16/04/2026 11:35,T-04,90.6,9.7,13.1
16/04/2026 11:36,T-04,88.5,5.1,16
16/04/2026 11:37,T-06,74.6,6.8,14.8
16/04/2026 11:38,T-10,61.5,8.6,13.1
16/04/2026 11:39,T-04,89.6,6,15.3
16/04/2026 11:40,T-04,89.7,8.1,16.2
16/04/2026 11:41,T-09,53.9,8.6,13.2
16/04/2026 11:42,T-07,68.6,18,12.6
16/04/2026 11:43,T-08,65,3.4,13.6
16/04/2026 11:44,T-01,67.3,7,17.1
16/04/2026 11:45,T-06,75.8,11.8,12.2
16/04/2026 11:46,T-09,69.9,5,14.2
16/04/2026 11:47,T-02,52.4,2.3,14
16/04/2026 11:48,T-01,63.7,11.9,17
16/04/2026 11:49,T-07,60.7,22.6,15.9
16/04/2026 11:50,T-03,51.4,6,16.5
16/04/2026 11:51,T-08,74.1,11.6,12.5
16/04/2026 11:52,T-03,72.1,10.2,17.9
16/04/2026 11:53,T-08,52.1,10.5,16.4
16/04/2026 11:54,T-07,73.3,24.7,15.1
16/04/2026 11:55,T-10,63.9,8.5,17
16/04/2026 11:56,T-04,94.9,8.5,14.3
16/04/2026 11:57,T-02,70.2,10.5,17.3
16/04/2026 11:58,T-06,51,3,15.9
16/04/2026 11:59,T-07,68.6,23.4,16
16/04/2026 12:00,T-07,64.3,19.5,17.3
16/04/2026 12:01,T-02,73.6,2.6,17.9
16/04/2026 12:02,T-10,65.8,9.9,17.9
16/04/2026 12:03,T-06,61.8,8.2,12.4
16/04/2026 12:04,T-03,71.8,8.2,15.2
16/04/2026 12:05,T-05,71.5,9.6,15.4
16/04/2026 12:06,T-02,72.4,9.2,15.8
16/04/2026 12:07,T-10,53.5,12,15.2
16/04/2026 12:08,T-09,72.8,9.8,16.6
16/04/2026 12:09,T-07,70.1,17.4,12.2
16/04/2026 12:10,T-08,79.1,11,16.3
16/04/2026 12:11,T-09,72,6.5,12.7
16/04/2026 12:12,T-02,67.3,10.8,17.9
16/04/2026 12:13,T-05,56.5,8.2,17.9
16/04/2026 12:14,T-03,73.4,7.7,16
16/04/2026 12:15,T-02,73.7,11.9,15.4
16/04/2026 12:16,T-06,51.9,2.4,16.1
16/04/2026 12:17,T-10,65.4,3.8,16.4
16/04/2026 12:18,T-02,72.5,3.4,13.8
16/04/2026 12:19,T-01,53,7.3,17
16/04/2026 12:20,T-08,55.5,10.6,16.9
16/04/2026 12:21,T-08,78.3,8.2,13.2
16/04/2026 12:22,T-01,67.6,4.4,15.3
16/04/2026 12:23,T-02,78.3,3,14.3
16/04/2026 12:24,T-05,63.9,3.2,17.5
16/04/2026 12:25,T-10,59.8,9.3,17
16/04/2026 12:26,T-03,71.5,5.5,13.8
16/04/2026 12:27,T-06,50.3,3.3,17.5
16/04/2026 12:28,T-09,62.4,5.8,13.7
16/04/2026 12:29,T-08,64,2.9,16.3
16/04/2026 12:30,T-04,89.8,8,13.6
16/04/2026 12:31,T-09,78.5,11.3,16.4
16/04/2026 12:32,T-08,57.2,10.9,13.3
16/04/2026 12:33,T-04,92.4,6.7,13.9
16/04/2026 12:34,T-07,69.2,16.9,14.4
16/04/2026 12:35,T-04,93.7,9.2,13.5
16/04/2026 12:36,T-08,76.7,8.6,14.4
16/04/2026 12:37,T-07,69,19.8,17.2
16/04/2026 12:38,T-02,78.9,3.6,15.2
16/04/2026 12:39,T-10,65.1,8.6,12.8
16/04/2026 12:40,T-06,58.8,5,12.2
16/04/2026 12:41,T-09,62.7,8.9,12.2
16/04/2026 12:42,T-02,64.4,4.6,13.4
16/04/2026 12:43,T-08,52.5,10.7,12.5
16/04/2026 12:44,T-09,53.9,3.4,14.2
16/04/2026 12:45,T-10,66.3,9.1,14.6
16/04/2026 12:46,T-05,76.3,5.7,14.6
16/04/2026 12:47,T-01,63.7,9.9,13
16/04/2026 12:48,T-07,68.3,19,17.3
16/04/2026 12:49,T-06,70.2,8.2,12.2
16/04/2026 12:50,T-04,91.2,8.7,14.3
16/04/2026 12:51,T-02,55.3,4.8,16.2
16/04/2026 12:52,T-02,74,2.5,17.9
16/04/2026 12:53,T-07,64.2,16.5,13.6
16/04/2026 12:54,T-02,56.4,8.8,14.3
16/04/2026 12:55,T-10,79.8,3,16.4
16/04/2026 12:56,T-04,88,5.9,16.6
16/04/2026 12:57,T-01,57,4.9,17.8
16/04/2026 12:58,T-10,52.8,4.5,14.9
16/04/2026 12:59,T-08,54.7,11.6,12.5
16/04/2026 13:00,T-03,68.7,9.8,14.2
16/04/2026 13:01,T-03,54,2.8,17.8
16/04/2026 13:02,T-10,67.9,3.4,13.3
16/04/2026 13:03,T-02,55.8,3.8,17.1
16/04/2026 13:04,T-10,53.8,10.8,14.1
16/04/2026 13:05,T-10,65.9,4.7,15.9
16/04/2026 13:06,T-07,64.3,22,14.6
16/04/2026 13:07,T-10,55.4,11.7,16
16/04/2026 13:08,T-03,67.8,6.6,12.5
16/04/2026 13:09,T-03,63.9,3.3,17.2
16/04/2026 13:10,T-08,71.3,11,15.2
16/04/2026 13:11,T-01,56.5,5.1,14
16/04/2026 13:12,T-08,66.3,9.2,13.8
16/04/2026 13:13,T-09,72.6,9.3,17
16/04/2026 13:14,T-09,56.2,2.7,15.2
16/04/2026 13:15,T-05,66.4,10.7,17.1
16/04/2026 13:16,T-02,75.9,3.3,17.7
16/04/2026 13:17,T-05,76.8,7.4,14.6
16/04/2026 13:18,T-03,58.4,11.7,13.6
16/04/2026 13:19,T-08,62.6,11.4,16.6
16/04/2026 13:20,T-06,66.7,6.9,14.3
16/04/2026 13:21,T-10,56.4,10.3,17.9
16/04/2026 13:22,T-07,69.4,24.8,13
16/04/2026 13:23,T-02,57.1,4.9,12.3
16/04/2026 13:24,T-02,73,3.4,13.9
16/04/2026 13:25,T-01,69.7,2.4,13.9
16/04/2026 13:26,T-09,78.1,3.7,17.9
16/04/2026 13:27,T-03,60.9,6,13.8
16/04/2026 13:28,T-04,86.8,7.9,12.6
16/04/2026 13:29,T-09,75.5,4.9,14.1
16/04/2026 13:30,T-09,71.1,5,15.2
16/04/2026 13:31,T-10,60.1,2.7,13.3
16/04/2026 13:32,T-07,61.9,17,16.4
16/04/2026 13:33,T-08,58.5,6.6,13.2
16/04/2026 13:34,T-02,59,3.4,14
16/04/2026 13:35,T-06,54.8,5.5,14.1
16/04/2026 13:36,T-05,59.4,5.5,17.3
16/04/2026 13:37,T-03,65.9,6.4,16
16/04/2026 13:38,T-10,55.7,11,14.9
16/04/2026 13:39,T-05,74.5,4,13.1
16/04/2026 13:40,T-08,78.4,2.5,15.5
16/04/2026 13:41,T-10,69.7,6,13
16/04/2026 13:42,T-04,89,5.5,14.5
16/04/2026 13:43,T-08,56,6.6,14.5
16/04/2026 13:44,T-07,72,21.5,17
16/04/2026 13:45,T-01,56,6.4,16.2
16/04/2026 13:46,T-05,53.6,3.5,15.4
16/04/2026 13:47,T-08,69.5,2.2,17.3
16/04/2026 13:48,T-06,78.8,11.2,13.2
16/04/2026 13:49,T-04,93.7,6.4,12.4
16/04/2026 13:50,T-01,65.8,5.2,13.9
16/04/2026 13:51,T-05,55.4,4.9,12.3
16/04/2026 13:52,T-08,72.7,9.8,12.4
16/04/2026 13:53,T-01,63.1,5,14.7
16/04/2026 13:54,T-09,73.6,11.6,13.7
16/04/2026 13:55,T-04,88.4,6.5,14.1
16/04/2026 13:56,T-07,61.3,19.8,16.9
16/04/2026 13:57,T-09,60.5,2.2,17.3
16/04/2026 13:58,T-08,79.1,2.1,12.1
16/04/2026 13:59,T-10,58.3,11.4,16.6
16/04/2026 14:00,T-05,74.3,3.4,12.2
16/04/2026 14:01,T-08,71.1,10,16.5
16/04/2026 14:02,T-04,94.1,9.9,13.7
16/04/2026 14:03,T-06,65.7,2.6,16.8
16/04/2026 14:04,T-08,79.9,2.4,16.5
16/04/2026 14:05,T-03,61.8,11.5,17.2
16/04/2026 14:06,T-06,60.9,6.1,12.3
16/04/2026 14:07,T-10,73.2,3,15.5
16/04/2026 14:08,T-10,55.7,3.1,15.2
16/04/2026 14:09,T-01,78.2,5.3,14.4
16/04/2026 14:10,T-04,94.1,6.9,13.9
16/04/2026 14:11,T-02,62.1,10,15.2
16/04/2026 14:12,T-07,62.8,16.9,15.5
16/04/2026 14:13,T-08,57.6,8.4,16.5
16/04/2026 14:14,T-06,70.5,6.3,15.5
16/04/2026 14:15,T-10,78.1,8,16.4
16/04/2026 14:16,T-06,64,5.1,14.6
16/04/2026 14:17,T-09,72.3,3.4,17.9
16/04/2026 14:18,T-08,58.2,8.8,15.6
16/04/2026 14:19,T-05,66,2.7,16.7
16/04/2026 14:20,T-08,72.6,5.7,16.9
16/04/2026 14:21,T-02,74.9,8.2,12.8
16/04/2026 14:22,T-10,55.8,10,16.3
16/04/2026 14:23,T-01,70.3,6.7,14.1
16/04/2026 14:24,T-05,66.4,5.2,14.8
16/04/2026 14:25,T-08,62.4,4.6,13.8
16/04/2026 14:26,T-02,57.9,2.9,14.5
16/04/2026 14:27,T-10,64.7,9.6,15.8
16/04/2026 14:28,T-04,94.6,7,14.2
16/04/2026 14:29,T-05,57.7,3.4,14.9
16/04/2026 14:30,T-03,63.6,11.5,15.6
16/04/2026 14:31,T-07,65.4,18.4,15.2
16/04/2026 14:32,T-01,71.9,8.4,16.7
16/04/2026 14:33,T-05,61.4,9.3,16.3
16/04/2026 14:34,T-09,79.9,4.7,17
16/04/2026 14:35,T-02,67.2,5.5,13.2
16/04/2026 14:36,T-04,87.2,9.4,12.8
16/04/2026 14:37,T-07,62.3,23.3,14.7
16/04/2026 14:38,T-06,70.8,4.1,13.4
16/04/2026 14:39,T-04,90.4,7.5,17.6
16/04/2026 14:40,T-03,50.6,9.3,12.2
16/04/2026 14:41,T-04,89.1,5.4,16.7
16/04/2026 14:42,T-09,53.7,8.3,15.7
16/04/2026 14:43,T-08,61.3,6.1,13.9
16/04/2026 14:44,T-07,62.6,24.8,16.4
16/04/2026 14:45,T-02,55.1,5,17.9
16/04/2026 14:46,T-09,72.8,4.9,15.2
16/04/2026 14:47,T-04,92,5.9,17.2
16/04/2026 14:48,T-10,56.7,5.2,17.6
16/04/2026 14:49,T-07,69.8,22.1,12.1
16/04/2026 14:50,T-09,52.1,6.9,16.9
16/04/2026 14:51,T-07,61,19,12.3
16/04/2026 14:52,T-07,68.5,22.9,12.7
16/04/2026 14:53,T-08,78.6,9.8,15.1
16/04/2026 14:54,T-03,51.8,7.1,12.2
16/04/2026 14:55,T-06,71.2,8.8,13.3
16/04/2026 14:56,T-05,53.6,9.2,17.6
16/04/2026 14:57,T-05,52.3,5.1,12.8
16/04/2026 14:58,T-05,55.4,5.9,14.1
16/04/2026 14:59,T-08,64.4,10.9,17.9
16/04/2026 15:00,T-05,62.9,6.9,12.6
16/04/2026 15:01,T-05,52.5,6,12.8
16/04/2026 15:02,T-04,87.6,9.3,17.9
16/04/2026 15:03,T-02,50.2,8.5,13.6
16/04/2026 15:04,T-06,62,7.2,15.3
16/04/2026 15:05,T-04,91.6,9.7,14.2
16/04/2026 15:06,T-03,62,3.8,13.5
16/04/2026 15:07,T-08,53.4,6.4,17.3
16/04/2026 15:08,T-10,62.5,11.3,13.8
16/04/2026 15:09,T-03,71,5.5,14.3
16/04/2026 15:10,T-09,61.7,7.1,13.5
16/04/2026 15:11,T-03,61.5,4.9,13
16/04/2026 15:12,T-06,77.1,3.2,15.2
16/04/2026 15:13,T-05,79.4,4.1,14
16/04/2026 15:14,T-07,66.2,19.1,15.3
16/04/2026 15:15,T-06,75.2,6.7,15.1
16/04/2026 15:16,T-05,71.9,5.4,12.6
16/04/2026 15:17,T-07,65.7,16.8,17.7
16/04/2026 15:18,T-09,68.9,6.5,12.7
16/04/2026 15:19,T-09,61.3,6.7,16.6
16/04/2026 15:20,T-04,91.8,6.6,17.7
16/04/2026 15:21,T-10,59.4,2.9,14.1
16/04/2026 15:22,T-01,55.7,6.9,12.2
16/04/2026 15:23,T-07,72.7,23.6,13
16/04/2026 15:24,T-09,61.5,3.2,16.4
16/04/2026 15:25,T-01,77.8,8.5,13.8
16/04/2026 15:26,T-06,71.8,4.8,17.2
16/04/2026 15:27,T-05,77.2,2.1,14.7
16/04/2026 15:28,T-03,78.9,4.8,14.5
16/04/2026 15:29,T-09,69.1,4.3,14.4
16/04/2026 15:30,T-04,90,7,17.4
16/04/2026 15:31,T-02,67.1,6.3,16.7
16/04/2026 15:32,T-01,72.4,2.9,16.4
16/04/2026 15:33,T-02,50.4,11.5,13.6
16/04/2026 15:34,T-04,91.9,9.4,16.6
16/04/2026 15:35,T-01,79.9,3.4,14.8
16/04/2026 15:36,T-10,62,10.1,14.8
16/04/2026 15:37,T-06,75,8.2,16.6
16/04/2026 15:38,T-09,57.8,10.1,17.7
16/04/2026 15:39,T-07,68.7,20,15.1
16/04/2026 15:40,T-04,90,5.5,13.6
16/04/2026 15:41,T-04,91.2,8.8,15.7
16/04/2026 15:42,T-06,60,2.8,14.9
16/04/2026 15:43,T-06,61.9,6.8,12.1
16/04/2026 15:44,T-03,78,10.6,12.6
16/04/2026 15:45,T-03,76,9.4,15
16/04/2026 15:46,T-04,93.5,9.5,16.4
16/04/2026 15:47,T-07,61.9,21,16.2
16/04/2026 15:48,T-06,61.8,10.5,17.6
16/04/2026 15:49,T-10,62.1,3.6,17.5
16/04/2026 15:50,T-10,69,9.5,17.1
16/04/2026 15:51,T-07,62.1,19.5,12.6
16/04/2026 15:52,T-06,65.3,8.3,14.1
16/04/2026 15:53,T-05,68,3.2,13.2
16/04/2026 15:54,T-05,76.4,6.1,12.4
16/04/2026 15:55,T-10,68.8,7.8,12.3
16/04/2026 15:56,T-01,74.1,3.4,14.2
16/04/2026 15:57,T-04,91.2,8.9,17.1
16/04/2026 15:58,T-10,55.6,6.8,16.2
16/04/2026 15:59,T-08,75.4,10.1,15.3
16/04/2026 16:00,T-07,67,20.7,18
16/04/2026 16:01,T-06,71.7,10.5,15.9
16/04/2026 16:02,T-02,59.7,2.4,15.6
16/04/2026 16:03,T-06,55.4,5.6,12.6
16/04/2026 16:04,T-02,70.3,10.8,16.4
16/04/2026 16:05,T-07,65.9,18.7,17.2
16/04/2026 16:06,T-07,73.3,24.2,14.8
16/04/2026 16:07,T-02,68.1,10.9,17.4
16/04/2026 16:08,T-04,94.5,7,13.4
16/04/2026 16:09,T-04,93.8,9.3,14.9
16/04/2026 16:10,T-10,76,11.2,14.7
16/04/2026 16:11,T-01,71.6,9.8,13.7
16/04/2026 16:12,T-02,53.1,3.3,17.6
16/04/2026 16:13,T-08,59.8,10.4,14.3
16/04/2026 16:14,T-07,61.9,22.4,17
16/04/2026 16:15,T-09,68.3,2.9,13.6
16/04/2026 16:16,T-10,60.4,6.2,14.1
16/04/2026 16:17,T-02,68.9,8.1,13.1
16/04/2026 16:18,T-05,54.1,4.2,13.9
16/04/2026 16:19,T-07,66.9,16.3,12.6
16/04/2026 16:20,T-10,70.2,8.9,16.4
16/04/2026 16:21,T-09,75.4,6.9,14.4
16/04/2026 16:22,T-06,58.4,8.6,13.1
16/04/2026 16:23,T-09,76.3,9.7,14.6
16/04/2026 16:24,T-02,55.9,3.1,14.1
16/04/2026 16:25,T-01,79,10.6,16.8
16/04/2026 16:26,T-09,75.5,7.4,16.2
16/04/2026 16:27,T-06,54.2,4.8,13
16/04/2026 16:28,T-05,74.5,3,16.1
16/04/2026 16:29,T-05,75.5,9.9,12.5
16/04/2026 16:30,T-02,70,10.2,16.5
16/04/2026 16:31,T-01,57.4,3.2,16.4
16/04/2026 16:32,T-09,65.8,4.8,13.7
16/04/2026 16:33,T-02,76.1,11.9,13.3
16/04/2026 16:34,T-07,70.1,20.8,12.8
16/04/2026 16:35,T-09,65.5,10.5,15.2
16/04/2026 16:36,T-02,79.1,7.8,16.1
16/04/2026 16:37,T-03,75.2,10.8,13.7
16/04/2026 16:38,T-07,64.5,17.5,16.4
16/04/2026 16:39,T-10,51,7.5,13
16/04/2026 16:40,T-07,62.5,19.1,13.3
16/04/2026 16:41,T-02,60.3,5.7,17.2
16/04/2026 16:42,T-10,67.3,9.8,14.7
16/04/2026 16:43,T-09,55.7,5,13.7
16/04/2026 16:44,T-10,62,3.3,15.9
16/04/2026 16:45,T-03,55.8,3.9,17.3
16/04/2026 16:46,T-06,56.5,8.1,16
16/04/2026 16:47,T-06,75.6,5.6,13.4
16/04/2026 16:48,T-05,52.7,9.7,17.3
16/04/2026 16:49,T-05,71.6,7.8,17.5
16/04/2026 16:50,T-04,91.4,8.5,13.4
16/04/2026 16:51,T-10,74.8,9.5,14.8
16/04/2026 16:52,T-09,65.4,2.5,14.9
16/04/2026 16:53,T-01,58.7,7.6,12.1
16/04/2026 16:54,T-05,57.6,9.4,17.9
16/04/2026 16:55,T-09,54,9.6,12
16/04/2026 16:56,T-09,61.7,9.5,12.5
16/04/2026 16:57,T-02,76.6,7.1,17.7
16/04/2026 16:58,T-08,70.7,2.9,13.4
16/04/2026 16:59,T-10,77.3,3.7,12.2
16/04/2026 17:00,T-07,69.2,22.9,16.5
16/04/2026 17:01,T-10,54,5.7,15
16/04/2026 17:02,T-09,71.4,7.9,13.2
16/04/2026 17:03,T-02,66.1,11.7,13
16/04/2026 17:04,T-06,52.2,4.5,13.9
16/04/2026 17:05,T-09,54.8,8.8,14.8
16/04/2026 17:06,T-01,73.3,9.8,17.3
16/04/2026 17:07,T-05,70.3,4.6,16.6
16/04/2026 17:08,T-03,61.1,7.8,17.5
16/04/2026 17:09,T-07,68.5,20.1,13
16/04/2026 17:10,T-01,60.8,11.1,14.1
16/04/2026 17:11,T-09,69.5,3,13.4
16/04/2026 17:12,T-07,68.8,19.2,13.6
16/04/2026 17:13,T-06,70.3,10.6,16.6
16/04/2026 17:14,T-07,67.3,21.4,14.5
16/04/2026 17:15,T-03,60.3,6,12.8
16/04/2026 17:16,T-03,73.3,3.5,15.8
16/04/2026 17:17,T-10,70.9,3.7,15.2
16/04/2026 17:18,T-01,54.2,10.2,17.5
16/04/2026 17:19,T-04,89.1,5.1,12.3
16/04/2026 17:20,T-07,72,16.5,17.6
16/04/2026 17:21,T-06,53.3,7.9,13
16/04/2026 17:22,T-03,63,3.7,16.8
16/04/2026 17:23,T-05,61.2,6.5,13.5
16/04/2026 17:24,T-03,69.1,7.6,12.3
16/04/2026 17:25,T-02,63.6,3,15.3
16/04/2026 17:26,T-08,52.7,7.8,12.6
16/04/2026 17:27,T-03,68.4,6.3,15.1
16/04/2026 17:28,T-01,71.1,9.7,18
16/04/2026 17:29,T-08,78,9.7,15.6
16/04/2026 17:30,T-01,70.7,5.9,12.1
16/04/2026 17:31,T-08,52.1,11.3,17
16/04/2026 17:32,T-03,63.8,4.8,13.6
16/04/2026 17:33,T-01,65,6.7,15.5
16/04/2026 17:34,T-10,73.5,7.9,16.6
16/04/2026 17:35,T-05,75,5.7,12.3
16/04/2026 17:36,T-05,67.8,2.9,16.3
16/04/2026 17:37,T-10,59.1,8.5,12.3
16/04/2026 17:38,T-07,67.1,16.6,14.2
16/04/2026 17:39,T-06,55.4,4.7,17.1
16/04/2026 17:40,T-06,60.9,3.5,15.5
16/04/2026 17:41,T-05,68.1,2.7,12
16/04/2026 17:42,T-07,65.1,21.6,15.8
16/04/2026 17:43,T-07,64.7,21.8,12.4
16/04/2026 17:44,T-08,61.3,7,12.1
16/04/2026 17:45,T-08,50.6,8.6,13.9
16/04/2026 17:46,T-06,57,2.1,14.1
16/04/2026 17:47,T-08,68.3,11.1,13.2
16/04/2026 17:48,T-07,73.2,19.6,15.6
16/04/2026 17:49,T-03,53.3,8.3,12.6
16/04/2026 17:50,T-05,59.2,6.6,16.1
16/04/2026 17:51,T-05,65.8,5,12
16/04/2026 17:52,T-09,70,11.8,12.9
16/04/2026 17:53,T-08,77.7,6.8,17.9
16/04/2026 17:54,T-06,54.1,3.2,17.6
16/04/2026 17:55,T-02,75.9,2.8,17
16/04/2026 17:56,T-06,63.1,3,12.1
16/04/2026 17:57,T-06,64.7,2.4,15.7
16/04/2026 17:58,T-04,87.8,9,12.4
16/04/2026 17:59,T-06,54.9,6,16.9
16/04/2026 18:00,T-02,71.4,4.9,16.5
16/04/2026 18:01,T-01,58.4,5,15.2
16/04/2026 18:02,T-08,65.3,8,16.1
16/04/2026 18:03,T-08,66.7,7.2,13.3
16/04/2026 18:04,T-09,61.8,6.2,14.9
16/04/2026 18:05,T-09,52.5,4.7,12.2
16/04/2026 18:06,T-04,94.7,6.9,16
16/04/2026 18:07,T-01,61.2,10.4,12
16/04/2026 18:08,T-08,59.4,2.2,13.8
16/04/2026 18:09,T-03,68.5,10.1,14
16/04/2026 18:10,T-04,94.3,5.2,16.9
16/04/2026 18:11,T-08,68.1,4.4,12.6
16/04/2026 18:12,T-07,62.4,18,15.2
16/04/2026 18:13,T-06,64.3,6.7,15.4
16/04/2026 18:14,T-04,90.1,8.9,14.3
16/04/2026 18:15,T-06,75.2,10.7,13.6
16/04/2026 18:16,T-05,76.5,11.7,14.1
16/04/2026 18:17,T-03,77.3,3.5,14.8
16/04/2026 18:18,T-10,58.3,2.9,16
16/04/2026 18:19,T-07,65,24.7,15.7
16/04/2026 18:20,T-04,93.7,9.5,12.3
16/04/2026 18:21,T-05,50.7,2.3,16.9
16/04/2026 18:22,T-06,76.4,3.1,15.9
16/04/2026 18:23,T-08,66.6,10.5,14.1
16/04/2026 18:24,T-01,70,8.9,14.7
16/04/2026 18:25,T-09,78.2,5.8,13.3
16/04/2026 18:26,T-07,61.1,20.2,12.4
16/04/2026 18:27,T-06,71.2,8.1,12
16/04/2026 18:28,T-03,73,5.4,17
16/04/2026 18:29,T-03,70.9,5.8,15.7
16/04/2026 18:30,T-10,53.7,7.8,12.8
16/04/2026 18:31,T-04,94.6,9.1,17.8
16/04/2026 18:32,T-05,69.9,7.6,14.3
16/04/2026 18:33,T-07,65.3,24.7,15
16/04/2026 18:34,T-08,51.2,4.6,17.1
16/04/2026 18:35,T-06,52.7,6.1,15.2
16/04/2026 18:36,T-08,68.3,2.3,18
16/04/2026 18:37,T-07,68.9,17.8,16.3
16/04/2026 18:38,T-09,71.3,3,15.9
16/04/2026 18:39,T-02,55.2,4.5,15.7
16/04/2026 18:40,T-10,63.8,11,15.4
16/04/2026 18:41,T-03,56.6,11.2,15.2
16/04/2026 18:42,T-03,68.6,11.2,12.5
16/04/2026 18:43,T-07,70.3,16.2,12.5
16/04/2026 18:44,T-01,52.3,5.8,17.2
16/04/2026 18:45,T-09,62.2,4.7,17.1
16/04/2026 18:46,T-04,89.6,6.1,15.8
16/04/2026 18:47,T-08,52.9,9.1,17.3
16/04/2026 18:48,T-05,68.4,3.9,16.4
16/04/2026 18:49,T-05,54.5,4,16.6
16/04/2026 18:50,T-07,69.2,16.1,14.7
16/04/2026 18:51,T-10,68.5,10.3,15.5
16/04/2026 18:52,T-10,56.1,11,16
16/04/2026 18:53,T-04,86.2,6.4,17.4
16/04/2026 18:54,T-10,77.1,4.1,12.6
16/04/2026 18:55,T-02,70.2,5.5,14.2
16/04/2026 18:56,T-06,70.9,2.6,16.6
16/04/2026 18:57,T-06,72.8,10.1,13.3
16/04/2026 18:58,T-01,50.5,3.3,14.3
16/04/2026 18:59,T-01,68.6,4.3,12.3
16/04/2026 19:00,T-04,88.9,9.8,13.7
16/04/2026 19:01,T-10,80,11.4,15.4
16/04/2026 19:02,T-08,51.4,6.1,12.8
16/04/2026 19:03,T-03,64,2.8,15.8
16/04/2026 19:04,T-08,67.2,8.6,17.6
16/04/2026 19:05,T-02,66.5,2.7,17.2
16/04/2026 19:06,T-05,57.4,5,17.1
16/04/2026 19:07,T-04,87.3,8.1,12.2
16/04/2026 19:08,T-08,63.3,9.5,16.6
16/04/2026 19:09,T-03,74.1,12,15.9
16/04/2026 19:10,T-04,89.8,5.4,17.8
16/04/2026 19:11,T-09,59.3,8.1,13.1
16/04/2026 19:12,T-09,54.5,7.3,13.7
16/04/2026 19:13,T-04,93,9.3,13.8
16/04/2026 19:14,T-03,63.2,4.9,14.4
16/04/2026 19:15,T-03,62.2,8,14.1
16/04/2026 19:16,T-06,58.6,8,16.3
16/04/2026 19:17,T-03,53.9,7.6,16
16/04/2026 19:18,T-08,67.6,5.5,17.5
16/04/2026 19:19,T-03,67,2.9,14.7
16/04/2026 19:20,T-05,55,4.3,14.2
16/04/2026 19:21,T-10,66.6,11.7,13.1
16/04/2026 19:22,T-07,69.9,23.6,14.8
16/04/2026 19:23,T-06,65.6,4.4,14.6
16/04/2026 19:24,T-10,53.7,7,12.6
16/04/2026 19:25,T-09,60,10.2,15.9
16/04/2026 19:26,T-01,55.3,5.8,15.1
16/04/2026 19:27,T-02,53.8,8.9,12.2
16/04/2026 19:28,T-07,71.5,18.8,16.2
16/04/2026 19:29,T-07,73.4,17.7,14.4
16/04/2026 19:30,T-07,70.1,16.5,17.2
16/04/2026 19:31,T-06,51.9,11.9,15.8
16/04/2026 19:32,T-08,63.1,3.7,13.2
16/04/2026 19:33,T-03,62.3,8.6,12.9
16/04/2026 19:34,T-04,92.2,8.3,14.1
16/04/2026 19:35,T-08,64.7,3.2,12.5
16/04/2026 19:36,T-08,69,5.9,16.7
16/04/2026 19:37,T-01,77.3,8.8,14.1
16/04/2026 19:38,T-10,75.5,6.4,14
16/04/2026 19:39,T-07,70.8,16.9,13.5
16/04/2026 19:40,T-08,51.8,8.1,13.9
16/04/2026 19:41,T-09,66.8,9.4,17.2
16/04/2026 19:42,T-08,60.1,4.9,15.7
16/04/2026 19:43,T-07,66.2,18.3,13.1
16/04/2026 19:44,T-02,68.6,5.3,16.9
16/04/2026 19:45,T-02,78.6,4,16.8
16/04/2026 19:46,T-07,68,20.3,13.4
16/04/2026 19:47,T-08,76.4,5.5,15.7
16/04/2026 19:48,T-10,63.1,5.8,14.7
16/04/2026 19:49,T-06,73.2,9.4,14.1
16/04/2026 19:50,T-07,61.6,21.6,14.6
16/04/2026 19:51,T-05,63.4,5.3,16.7
16/04/2026 19:52,T-07,72.6,22.1,12.5
16/04/2026 19:53,T-08,54.8,4.4,14.7
16/04/2026 19:54,T-08,72.7,7.1,12.7
16/04/2026 19:55,T-05,67.3,6.5,12.5
16/04/2026 19:56,T-07,73.4,18.2,16.1
16/04/2026 19:57,T-09,54.8,2.2,13.7
16/04/2026 19:58,T-03,79.1,7.8,12.9
16/04/2026 19:59,T-05,62.8,8.2,13.1
16/04/2026 20:00,T-05,60.8,2.3,16.1
16/04/2026 20:01,T-07,71.2,24.3,14.5
16/04/2026 20:02,T-06,66.4,5.8,15
16/04/2026 20:03,T-10,77.4,11.9,16.7
16/04/2026 20:04,T-06,64.4,5.8,12.8
16/04/2026 20:05,T-09,55.8,8.8,14.9
16/04/2026 20:06,T-08,63.5,9,14.4
16/04/2026 20:07,T-03,78.1,7.1,12.5
16/04/2026 20:08,T-06,59.1,4.2,13.9
16/04/2026 20:09,T-02,63.9,4.1,16.1
16/04/2026 20:10,T-04,89,7.8,16.8
16/04/2026 20:11,T-04,92,7.9,14.5
16/04/2026 20:12,T-02,54.5,7.5,16.2
16/04/2026 20:13,T-09,70.8,2.5,14.7
16/04/2026 20:14,T-02,73.7,5.3,12.4
16/04/2026 20:15,T-05,64.6,7,12
16/04/2026 20:16,T-05,53.3,8.8,15.5
16/04/2026 20:17,T-03,51.4,8.8,15.2
16/04/2026 20:18,T-10,69.3,7.5,13.1
16/04/2026 20:19,T-09,66.9,9.8,13.7
16/04/2026 20:20,T-08,68.2,3.6,15.3
16/04/2026 20:21,T-10,58.3,9.8,12.6
16/04/2026 20:22,T-06,76.5,6.1,15.1
16/04/2026 20:23,T-01,51.6,11.3,16.7
16/04/2026 20:24,T-07,73.7,17.5,17.4
16/04/2026 20:25,T-01,58.6,10.7,16.9
16/04/2026 20:26,T-06,72.7,8.4,13.2
16/04/2026 20:27,T-03,79.2,9,16.3
16/04/2026 20:28,T-04,88.4,9.6,13.1
16/04/2026 20:29,T-01,79.6,6.5,16.1
16/04/2026 20:30,T-04,90.1,6.2,17.8
16/04/2026 20:31,T-07,70.4,21.1,17.3
16/04/2026 20:32,T-09,76.1,2.4,12.6
16/04/2026 20:33,T-02,74.1,10.2,12.5
16/04/2026 20:34,T-03,63.6,10.6,15.7
16/04/2026 20:35,T-10,63.6,5,14.2
16/04/2026 20:36,T-01,67,9.6,14
16/04/2026 20:37,T-10,57.2,11.9,12.3
16/04/2026 20:38,T-02,63,11.8,12.9
16/04/2026 20:39,T-10,70.2,10,12.7
16/04/2026 20:40,T-10,56.6,10.4,13
16/04/2026 20:41,T-08,79.8,6.3,15.5
16/04/2026 20:42,T-07,69.8,19.9,13
16/04/2026 20:43,T-10,75.3,2.1,17.7
16/04/2026 20:44,T-02,54.5,9.8,15.9
16/04/2026 20:45,T-01,73,9.1,15.8
16/04/2026 20:46,T-10,57.2,6.7,15.9
16/04/2026 20:47,T-09,67.3,2.2,14.4
16/04/2026 20:48,T-06,79.9,3.5,15.2
16/04/2026 20:49,T-06,70,10.3,16.8
16/04/2026 20:50,T-09,79.6,11,16
16/04/2026 20:51,T-02,70,9.1,17.7
16/04/2026 20:52,T-10,56.4,4.1,12.1
16/04/2026 20:53,T-07,63.3,17,15.6
16/04/2026 20:54,T-02,69.9,7.6,16.2
16/04/2026 20:55,T-01,66.4,2.7,12.1
16/04/2026 20:56,T-04,89.8,6.7,15.7
16/04/2026 20:57,T-01,72,2.7,15.2
16/04/2026 20:58,T-07,71.5,19,16.5
16/04/2026 20:59,T-08,59.6,4.2,16.8
16/04/2026 21:00,T-04,88,9,15.8
16/04/2026 21:01,T-07,62.3,19.9,12.6
16/04/2026 21:02,T-01,75.9,5.9,13.1
16/04/2026 21:03,T-01,58.2,3.8,13
16/04/2026 21:04,T-05,79.5,6.3,14.1
16/04/2026 21:05,T-06,76.8,4.3,17.4
16/04/2026 21:06,T-08,62.7,8.3,13.3
16/04/2026 21:07,T-04,88.9,5.9,14.6
16/04/2026 21:08,T-05,50.9,10.8,14.7
16/04/2026 21:09,T-01,51.1,3.3,15.6
16/04/2026 21:10,T-07,64.1,22,13.7
16/04/2026 21:11,T-01,77.4,3.8,16.5
16/04/2026 21:12,T-04,91.5,7.3,15.2
16/04/2026 21:13,T-01,68.9,7.3,16.5
16/04/2026 21:14,T-08,68.6,2.7,13.3
16/04/2026 21:15,T-03,73,8.1,13.9
16/04/2026 21:16,T-09,70.9,10.9,17.2
16/04/2026 21:17,T-07,72.8,24.4,15.1
16/04/2026 21:18,T-01,73.2,9.4,14.4
16/04/2026 21:19,T-06,74.1,5.7,14.9
16/04/2026 21:20,T-09,79.1,11.7,12
16/04/2026 21:21,T-04,88.1,9.1,13.4
16/04/2026 21:22,T-02,58.3,3.6,17
16/04/2026 21:23,T-07,73,17,15.1
16/04/2026 21:24,T-03,67.9,9.7,15
16/04/2026 21:25,T-07,60.5,18.5,15.8
16/04/2026 21:26,T-08,50.2,7.3,18
16/04/2026 21:27,T-07,68.7,23,13.5
16/04/2026 21:28,T-02,56.5,10.2,16.4
16/04/2026 21:29,T-01,54.2,2.3,16.4
16/04/2026 21:30,T-08,66.2,11.8,16.8
16/04/2026 21:31,T-06,58,2.6,16.2
16/04/2026 21:32,T-04,91.4,8.9,16.5
16/04/2026 21:33,T-04,88.2,9.3,17.7
16/04/2026 21:34,T-07,69.7,16.9,12.7
16/04/2026 21:35,T-04,92.3,8.7,15.7
16/04/2026 21:36,T-02,63,3.5,15
16/04/2026 21:37,T-01,63.7,2.8,12.6
16/04/2026 21:38,T-09,67.3,11.4,13.7
16/04/2026 21:39,T-03,54.9,7.5,15.1
16/04/2026 21:40,T-09,65,4.7,14.3
16/04/2026 21:41,T-10,68.6,3,12.4
16/04/2026 21:42,T-10,71.8,8,13.1
16/04/2026 21:43,T-07,72.5,21.4,12.7
16/04/2026 21:44,T-03,78.9,8.6,15.8
16/04/2026 21:45,T-10,68.2,10.7,16.6
16/04/2026 21:46,T-02,54,10,13.2
16/04/2026 21:47,T-04,93.1,7.1,17
16/04/2026 21:48,T-07,65.9,20.8,16.1
16/04/2026 21:49,T-08,54.9,3.8,15.5
16/04/2026 21:50,T-01,51.1,8.3,16.7
16/04/2026 21:51,T-08,61.4,7.9,17.9
16/04/2026 21:52,T-10,69.2,3,15.6
16/04/2026 21:53,T-01,65.8,3.5,14.7
16/04/2026 21:54,T-06,61.1,6.2,15.6
16/04/2026 21:55,T-04,88,5.4,15.7
16/04/2026 21:56,T-08,76.8,7,13.6
16/04/2026 21:57,T-05,53.6,5.5,12.6
16/04/2026 21:58,T-07,70.8,22.5,17.5
16/04/2026 21:59,T-05,60.8,6.8,15.3
16/04/2026 22:00,T-07,63.5,20.5,13.8
16/04/2026 22:01,T-01,73.8,11,13.8
16/04/2026 22:02,T-10,66.2,7.9,15.2
16/04/2026 22:03,T-02,55.5,2.7,12.8
16/04/2026 22:04,T-03,77,3.8,12.6
16/04/2026 22:05,T-02,58.9,9.7,13.7
16/04/2026 22:06,T-07,67.1,22.2,17
16/04/2026 22:07,T-02,51.2,3,16.9
16/04/2026 22:08,T-02,79.7,11.6,16.8
16/04/2026 22:09,T-07,60.7,19,17
16/04/2026 22:10,T-09,61.8,3.5,17.9
16/04/2026 22:11,T-05,71.2,8.9,13
16/04/2026 22:12,T-07,64.1,23.9,12.8
16/04/2026 22:13,T-07,71.6,16.8,13.2
16/04/2026 22:14,T-05,59.7,12,12.1
16/04/2026 22:15,T-07,61.1,20.1,17
16/04/2026 22:16,T-03,78,10.5,17
16/04/2026 22:17,T-06,78.9,9.1,18
16/04/2026 22:18,T-04,93.4,7,14.8
16/04/2026 22:19,T-07,71.5,21.5,12.1
16/04/2026 22:20,T-10,59.8,3.9,15.6
16/04/2026 22:21,T-06,55.4,11.6,16.1
16/04/2026 22:22,T-06,60.9,4,16.7
16/04/2026 22:23,T-08,61.4,11.5,13.7
16/04/2026 22:24,T-02,78.7,9.2,17.4
16/04/2026 22:25,T-07,74.6,24.2,12.1
16/04/2026 22:26,T-02,55.4,8.8,15
16/04/2026 22:27,T-06,50.1,7.9,15.3
16/04/2026 22:28,T-09,72.7,2.5,14.5
16/04/2026 22:29,T-01,73.7,4.9,12.5
16/04/2026 22:30,T-03,75.1,3.7,12.8
16/04/2026 22:31,T-01,79,9,13.8
16/04/2026 22:32,T-04,91.4,5.8,17.7
16/04/2026 22:33,T-06,53.2,11.3,14.8
16/04/2026 22:34,T-04,87.5,7.6,14.5
16/04/2026 22:35,T-07,61.6,17.8,12.2
16/04/2026 22:36,T-09,61.7,2.9,12.3
16/04/2026 22:37,T-04,89.4,9.2,15.2
16/04/2026 22:38,T-06,51.8,5.5,14.1
16/04/2026 22:39,T-02,63.1,5.6,13.8
16/04/2026 22:40,T-03,60.1,7.6,17.4
16/04/2026 22:41,T-03,72.1,5.7,16.5
16/04/2026 22:42,T-03,50.5,10.3,17.1
16/04/2026 22:43,T-03,73.5,10.4,14.3
16/04/2026 22:44,T-06,78.6,2.3,13.6
16/04/2026 22:45,T-07,67.5,18.8,14.9
16/04/2026 22:46,T-10,56.9,4.3,13.3
16/04/2026 22:47,T-06,71.7,2.4,15.9
16/04/2026 22:48,T-02,61.7,5.9,17.5
16/04/2026 22:49,T-03,58.5,6.4,15
16/04/2026 22:50,T-08,56.2,8.5,12.3
16/04/2026 22:51,T-04,87.3,7.4,16.2
16/04/2026 22:52,T-08,75.4,4.8,14.9
16/04/2026 22:53,T-04,89.7,8.1,13.1
16/04/2026 22:54,T-10,55.5,2.2,14.1
16/04/2026 22:55,T-05,69.6,7.6,12.6
16/04/2026 22:56,T-07,64.4,24.5,15.2
16/04/2026 22:57,T-10,59.5,7.9,12.3
16/04/2026 22:58,T-10,64.1,10.7,15.4
16/04/2026 22:59,T-07,74.6,18.5,17.6
16/04/2026 23:00,T-09,54,2.1,14.8
16/04/2026 23:01,T-06,76,9,16.1
16/04/2026 23:02,T-06,76.1,4.3,16.9
16/04/2026 23:03,T-05,73,11,17.7
16/04/2026 23:04,T-05,60.1,4.3,17.4
16/04/2026 23:05,T-08,73.5,11.7,17.2
16/04/2026 23:06,T-09,65.8,2.2,12.3
16/04/2026 23:07,T-02,76.5,3.7,16.2
16/04/2026 23:08,T-10,67.8,4.3,15
16/04/2026 23:09,T-07,61.6,21.7,13.1
16/04/2026 23:10,T-09,77.1,11.5,13
16/04/2026 23:11,T-08,54.5,4.5,13.5
16/04/2026 23:12,T-05,70.1,6,16.4
16/04/2026 23:13,T-10,67,9.4,13.9
16/04/2026 23:14,T-01,59.5,6.5,12.6
16/04/2026 23:15,T-07,72.9,24.7,15.6
16/04/2026 23:16,T-10,60.7,6.3,14.4
16/04/2026 23:17,T-07,72.5,22.4,14.4
16/04/2026 23:18,T-06,51.2,5.9,16.3
16/04/2026 23:19,T-04,93.3,8.6,17
16/04/2026 23:20,T-07,64.4,23.9,15.1
16/04/2026 23:21,T-06,55.1,6.7,12.3
16/04/2026 23:22,T-04,87.3,8.6,15.6
16/04/2026 23:23,T-04,92.9,7,12.4
16/04/2026 23:24,T-09,68.3,8.6,17.8
16/04/2026 23:25,T-08,57.2,10.7,17
16/04/2026 23:26,T-06,74.5,9.8,13
16/04/2026 23:27,T-05,62.6,3.9,15.2
16/04/2026 23:28,T-02,74.2,2.9,17.2
16/04/2026 23:29,T-07,65.7,19.9,17
16/04/2026 23:30,T-10,68.3,2.6,13.6
16/04/2026 23:31,T-03,78.7,8.9,17.5
16/04/2026 23:32,T-04,90.9,9.2,17.9
16/04/2026 23:33,T-05,53.2,8.9,13.4
16/04/2026 23:34,T-04,91.3,5,13.5
16/04/2026 23:35,T-10,65.6,9.8,17.3
16/04/2026 23:36,T-10,59.7,5.9,17.7
16/04/2026 23:37,T-03,70.5,9.1,14.6
16/04/2026 23:38,T-04,91.9,9,16.4
16/04/2026 23:39,T-09,69.6,5.1,15
16/04/2026 23:40,T-08,76,10.1,16.6
16/04/2026 23:41,T-07,69.8,24.1,14.5
16/04/2026 23:42,T-05,71.9,3.7,15.9
16/04/2026 23:43,T-06,65.2,10.5,14.3
16/04/2026 23:44,T-08,56.4,8.6,15.4
16/04/2026 23:45,T-07,71.7,21.1,14.9
16/04/2026 23:46,T-08,57.3,4,17.9
16/04/2026 23:47,T-08,57.2,10.9,16.3
16/04/2026 23:48,T-09,51.7,11.4,13
16/04/2026 23:49,T-07,74.7,22.1,13.4
16/04/2026 23:50,T-09,61.4,4.5,15.9
16/04/2026 23:51,T-01,72.3,3.3,12.3
16/04/2026 23:52,T-09,70.2,5.6,17.1
16/04/2026 23:53,T-07,74.2,17.4,14.7
16/04/2026 23:54,T-01,68.1,11.4,13.3
16/04/2026 23:55,T-08,55.8,6.5,12.8
16/04/2026 23:56,T-10,59.5,11.3,12.3
16/04/2026 23:57,T-04,91.5,6.7,13.8
16/04/2026 23:58,T-05,75.4,8.8,16.2
16/04/2026 23:59,T-07,73.1,22.9,13.6
17/04/2026 00:00,T-04,87.6,8.1,17.8
17/04/2026 00:01,T-03,64.9,2.8,14
17/04/2026 00:02,T-08,63.8,12,14.5
17/04/2026 00:03,T-09,74.9,10.9,15
17/04/2026 00:04,T-10,62.5,8.1,16.4
17/04/2026 00:05,T-08,76.4,8.7,15.5
17/04/2026 00:06,T-07,71.5,19,17.9
17/04/2026 00:07,T-03,59,6.8,17.1
17/04/2026 00:08,T-09,52.8,11.2,16.7
17/04/2026 00:09,T-08,76.8,11.4,13.2
17/04/2026 00:10,T-04,93,5.6,12.6
17/04/2026 00:11,T-08,56.5,10.1,15.2
17/04/2026 00:12,T-05,75.3,4,13.1
17/04/2026 00:13,T-10,51.9,10.1,17.1
17/04/2026 00:14,T-03,53.8,6.6,17.9
17/04/2026 00:15,T-03,52.6,5.9,12
17/04/2026 00:16,T-03,73.8,8.4,16.4
17/04/2026 00:17,T-05,68.4,8.4,14.9
17/04/2026 00:18,T-05,71.9,6.8,17.2
17/04/2026 00:19,T-01,79,7.7,14
17/04/2026 00:20,T-04,87.2,6.5,13.1
17/04/2026 00:21,T-05,58.1,11.2,13.2
17/04/2026 00:22,T-02,77.6,11.1,15.5
17/04/2026 00:23,T-01,75.1,3,13.6
17/04/2026 00:24,T-06,76.8,4.3,14.9
17/04/2026 00:25,T-02,59.1,6.7,16.7
17/04/2026 00:26,T-05,55.2,11.7,14.3
17/04/2026 00:27,T-07,64.9,17.9,16.4
17/04/2026 00:28,T-09,58.9,8.7,15
17/04/2026 00:29,T-02,58.3,3.8,13.3
17/04/2026 00:30,T-01,72,10.1,16.8
17/04/2026 00:31,T-10,50.8,6.2,15.2
17/04/2026 00:32,T-07,71.3,16.9,14.7
17/04/2026 00:33,T-01,69.6,10.7,16
17/04/2026 00:34,T-01,62.3,11.8,12.9
17/04/2026 00:35,T-10,68.2,11.5,13.9
17/04/2026 00:36,T-05,69.2,9.4,13.6
17/04/2026 00:37,T-08,52.1,8.7,15.4
17/04/2026 00:38,T-10,63.9,8.8,16.5
17/04/2026 00:39,T-03,59.2,10.8,14.3
17/04/2026 00:40,T-05,71.6,3.6,18
17/04/2026 00:41,T-10,64.3,8.2,14.5
17/04/2026 00:42,T-04,88,5.8,14.8
17/04/2026 00:43,T-10,57.2,11.6,17
17/04/2026 00:44,T-09,68.4,3.2,15.8
17/04/2026 00:45,T-10,74.4,8.8,17.2
17/04/2026 00:46,T-07,65.7,19.6,15.4
17/04/2026 00:47,T-10,62.9,3.7,18
17/04/2026 00:48,T-04,86.1,8.2,16.1
17/04/2026 00:49,T-01,57.4,6.8,16
17/04/2026 00:50,T-02,75.2,5.9,12.8
17/04/2026 00:51,T-10,58.6,5.1,17
17/04/2026 00:52,T-06,65.5,6.6,13.7
17/04/2026 00:53,T-04,94.1,6.1,12.7
17/04/2026 00:54,T-10,60.8,8.6,18
17/04/2026 00:55,T-10,53.6,10.8,15.3
17/04/2026 00:56,T-07,66.2,23.9,16.3
17/04/2026 00:57,T-04,93.5,5.5,16.7
17/04/2026 00:58,T-02,53.4,9.4,14.7
17/04/2026 00:59,T-08,75,11.7,14.6
17/04/2026 01:00,T-01,74.6,10.2,12.6
17/04/2026 01:01,T-06,62.8,2.5,15.5
17/04/2026 01:02,T-01,73.8,6.6,12.6
17/04/2026 01:03,T-06,69.7,2.1,15.2
17/04/2026 01:04,T-09,65.3,11.7,16.1
17/04/2026 01:05,T-08,56.8,11.4,13.3
17/04/2026 01:06,T-09,79.8,2.3,16.4
17/04/2026 01:07,T-05,68.1,11,14.2
17/04/2026 01:08,T-07,73.6,21.1,13
17/04/2026 01:09,T-07,63.2,23.8,17.1
17/04/2026 01:10,T-03,74.2,8,12.9
17/04/2026 01:11,T-05,53,6.3,16.6
17/04/2026 01:12,T-02,74.3,10.3,12.8
17/04/2026 01:13,T-05,55.2,8.8,16.6
17/04/2026 01:14,T-04,94.3,7.4,15.5
17/04/2026 01:15,T-09,55.1,2.2,12.7
17/04/2026 01:16,T-06,62.6,5.8,17.2
17/04/2026 01:17,T-02,68.5,2.4,16.3
17/04/2026 01:18,T-07,68.5,23.4,12
17/04/2026 01:19,T-04,94.8,8.9,17.2
17/04/2026 01:20,T-05,55.2,8.6,13.5
17/04/2026 01:21,T-04,86.5,6.4,13.8
17/04/2026 01:22,T-05,52.7,8.3,15.7
17/04/2026 01:23,T-10,63.1,2.7,15.5
17/04/2026 01:24,T-03,53.9,9.9,13.2
17/04/2026 01:25,T-05,70.9,11.5,12.2
17/04/2026 01:26,T-04,89.5,8.7,17.2
17/04/2026 01:27,T-10,69.7,8.6,15
17/04/2026 01:28,T-09,75.6,7.7,17.9
17/04/2026 01:29,T-07,73.5,17.1,17
17/04/2026 01:30,T-02,54.4,4.4,12.5
17/04/2026 01:31,T-08,62.2,9.4,17.9
17/04/2026 01:32,T-08,60.2,7.9,17.7
17/04/2026 01:33,T-03,80,8.4,14.8
17/04/2026 01:34,T-10,74.5,4.1,14.7
17/04/2026 01:35,T-10,71.8,9.7,15.2
17/04/2026 01:36,T-05,53.6,3.6,17.5
17/04/2026 01:37,T-10,52.6,11.6,16.9
17/04/2026 01:38,T-02,66.5,7,16.1
17/04/2026 01:39,T-01,68.4,5.5,12.2
17/04/2026 01:40,T-04,92.9,5.3,12.9
17/04/2026 01:41,T-08,69.8,6.2,16.1
17/04/2026 01:42,T-07,69.9,24.9,15.6
17/04/2026 01:43,T-02,72.7,6.5,14.6
17/04/2026 01:44,T-09,53.5,5.2,15.3
17/04/2026 01:45,T-02,62.7,2.5,15.9
17/04/2026 01:46,T-08,63.9,3.6,15.5
17/04/2026 01:47,T-08,77.8,11.8,15.3
17/04/2026 01:48,T-03,66.2,9.2,14.3
17/04/2026 01:49,T-04,92.2,7.6,15.9
17/04/2026 01:50,T-02,66.9,3.7,14.5
17/04/2026 01:51,T-02,75.7,11.2,12.4
17/04/2026 01:52,T-05,53.6,2,17.6
17/04/2026 01:53,T-02,53.4,7.7,15.4
17/04/2026 01:54,T-04,86.9,6.1,17.1
17/04/2026 01:55,T-09,63.9,5.7,17.5
17/04/2026 01:56,T-08,77.7,5.6,14.2
17/04/2026 01:57,T-05,70.8,10.1,15.2
17/04/2026 01:58,T-01,60.2,10.9,15.9
17/04/2026 01:59,T-02,65,2.7,17.9
17/04/2026 02:00,T-08,77.1,7.4,13.4
17/04/2026 02:01,T-02,59.9,2.5,12.9
17/04/2026 02:02,T-01,62.1,6,14.2
17/04/2026 02:03,T-09,78.1,11.1,13
17/04/2026 02:04,T-02,78.8,8.1,12.7
17/04/2026 02:05,T-02,63.1,11.6,12.5
17/04/2026 02:06,T-04,90,6.3,12.1
17/04/2026 02:07,T-07,72.1,19.9,17.5
17/04/2026 02:08,T-04,90.5,9.6,16.3
17/04/2026 02:09,T-01,55.3,7.3,14.5
17/04/2026 02:10,T-03,57.9,6.5,13.7
17/04/2026 02:11,T-03,78.4,7.6,12.9
17/04/2026 02:12,T-10,54.7,5.8,17.2
17/04/2026 02:13,T-06,64.7,4.3,14.5
17/04/2026 02:14,T-04,91.5,8.9,13.7
17/04/2026 02:15,T-04,94.7,5.2,16.3
17/04/2026 02:16,T-06,57.7,7.9,13.5
17/04/2026 02:17,T-07,65.4,22.9,14.5
17/04/2026 02:18,T-06,58.8,10.5,13.2
17/04/2026 02:19,T-06,67.5,11.3,12.9
17/04/2026 02:20,T-06,76.7,2.8,17.1
17/04/2026 02:21,T-04,92.2,5.2,15.2
17/04/2026 02:22,T-07,70.4,20.9,13.4
17/04/2026 02:23,T-08,61.4,5.3,15.4
17/04/2026 02:24,T-01,55.9,4.6,16.4
17/04/2026 02:25,T-06,65.7,9.2,16
17/04/2026 02:26,T-01,74.1,2.6,15.5
17/04/2026 02:27,T-03,52.7,8.5,15.1
17/04/2026 02:28,T-01,53.4,7.1,14.3
17/04/2026 02:29,T-10,70.1,10.9,14.2
17/04/2026 02:30,T-06,75.8,2.2,14.6
17/04/2026 02:31,T-09,64,11.2,13.9
17/04/2026 02:32,T-04,91.8,9.2,16.6
17/04/2026 02:33,T-03,54.9,11.9,13.3
17/04/2026 02:34,T-05,76.8,9.3,17.8
17/04/2026 02:35,T-03,75,3.3,16.6
17/04/2026 02:36,T-02,72,7.9,12.5
17/04/2026 02:37,T-09,64.3,7.2,16
17/04/2026 02:38,T-05,71.4,6.6,15.3
17/04/2026 02:39,T-08,58.9,10.9,16.2
17/04/2026 02:40,T-03,68.3,4.7,17.3
17/04/2026 02:41,T-01,58.5,7.1,17.4
17/04/2026 02:42,T-02,58.6,7.6,16.7
17/04/2026 02:43,T-07,66.1,22.1,15.2
17/04/2026 02:44,T-02,77.6,12,16.9
17/04/2026 02:45,T-06,51.8,6.6,15.9
17/04/2026 02:46,T-09,76.7,8.3,12.2
17/04/2026 02:47,T-08,55.3,4.2,13.9
17/04/2026 02:48,T-07,61.6,23.6,16.7
17/04/2026 02:49,T-01,69.9,3.1,16.8
17/04/2026 02:50,T-04,91.2,9.9,15.8
17/04/2026 02:51,T-02,51.7,9.6,13
17/04/2026 02:52,T-01,78.2,8.8,13.8
17/04/2026 02:53,T-02,64.7,4.1,12.9
17/04/2026 02:54,T-06,69.1,6,17.3
17/04/2026 02:55,T-04,89.2,7.6,17.3
17/04/2026 02:56,T-10,55.1,11.1,14.6
17/04/2026 02:57,T-08,64.2,3.3,13.6
17/04/2026 02:58,T-05,63.5,6.1,12.8
17/04/2026 02:59,T-06,78.7,10.8,16.6
17/04/2026 03:00,T-04,88.9,5.3,13.8
17/04/2026 03:01,T-02,63.4,7.9,15.3
17/04/2026 03:02,T-10,50.5,2.6,15.8
17/04/2026 03:03,T-08,60.5,4.4,16.2
17/04/2026 03:04,T-05,70.7,7.4,12.8
17/04/2026 03:05,T-07,65.2,24,16.3
17/04/2026 03:06,T-08,75.6,10.5,15.1
17/04/2026 03:07,T-04,91,8.7,13.8
17/04/2026 03:08,T-09,77.2,4.1,14.6
17/04/2026 03:09,T-01,75.2,9.3,12.8
17/04/2026 03:10,T-02,57.4,3.4,14.8
17/04/2026 03:11,T-09,65.3,2.8,15.7
17/04/2026 03:12,T-06,69.7,4.5,17.4
17/04/2026 03:13,T-03,55.4,10.4,14.4
17/04/2026 03:14,T-07,74,20,15
17/04/2026 03:15,T-02,53.5,10.5,17.3
17/04/2026 03:16,T-01,61.3,8.5,17.3
17/04/2026 03:17,T-05,76.9,6.1,16.9
17/04/2026 03:18,T-01,55.7,7.6,13.4
17/04/2026 03:19,T-09,78.3,10,14.1
17/04/2026 03:20,T-01,69.9,6.7,16
17/04/2026 03:21,T-08,56,10.1,15
17/04/2026 03:22,T-08,74,4.4,14.7
17/04/2026 03:23,T-07,71.1,21.3,12.7
17/04/2026 03:24,T-02,79.8,6.6,14.9
17/04/2026 03:25,T-07,64.7,22.3,13.4
17/04/2026 03:26,T-07,65.9,21.9,15.2
17/04/2026 03:27,T-09,68.5,4.8,13.2
17/04/2026 03:28,T-09,53,6.3,12.3
17/04/2026 03:29,T-08,50.1,5.8,17.4
17/04/2026 03:30,T-03,71,6.2,18
17/04/2026 03:31,T-10,70.4,8.5,17
17/04/2026 03:32,T-04,90.4,9.3,15.1
17/04/2026 03:33,T-07,71.1,16.5,14.8
17/04/2026 03:34,T-01,67.1,8.3,15.6
17/04/2026 03:35,T-07,73.8,18.7,13.1
17/04/2026 03:36,T-07,63,16.9,14.5
17/04/2026 03:37,T-07,70.3,22.8,13.5
17/04/2026 03:38,T-03,53.5,7.7,16.1
17/04/2026 03:39,T-10,52.8,11,17.6
17/04/2026 03:40,T-09,71.3,9.9,15
17/04/2026 03:41,T-08,54.3,10.9,12.5
17/04/2026 03:42,T-05,73.1,3,16.1
17/04/2026 03:43,T-06,64.9,6.5,16.2
17/04/2026 03:44,T-04,92,7.3,16.9
17/04/2026 03:45,T-04,90.7,8.8,15.2
17/04/2026 03:46,T-07,61.1,17,14.2
17/04/2026 03:47,T-01,50.9,10.7,16
17/04/2026 03:48,T-09,73.8,10.9,14
17/04/2026 03:49,T-04,89,9.6,15.1
17/04/2026 03:50,T-01,76.5,5.2,17.4
17/04/2026 03:51,T-02,66.7,5,13.9
17/04/2026 03:52,T-08,72.7,6,17.1
17/04/2026 03:53,T-04,87.2,8.5,16.5
17/04/2026 03:54,T-03,77.3,6.3,13.7
17/04/2026 03:55,T-02,66.7,10,12.2
17/04/2026 03:56,T-02,68.3,7.5,16.1
17/04/2026 03:57,T-10,75.7,7.8,13.9
17/04/2026 03:58,T-06,66.5,5.6,16
17/04/2026 03:59,T-09,51.9,10.1,14.9
17/04/2026 04:00,T-08,55.3,8.4,12.9
17/04/2026 04:01,T-10,61.4,4.1,14.1
17/04/2026 04:02,T-07,70.4,19.4,15.7
17/04/2026 04:03,T-06,79.5,7.8,15.9
17/04/2026 04:04,T-09,53.8,2.7,14.3
17/04/2026 04:05,T-10,74.7,8.2,15.8
17/04/2026 04:06,T-01,58.5,11.9,15.7
17/04/2026 04:07,T-09,66.6,4.2,16.7
17/04/2026 04:08,T-06,58.6,7.4,17.4
17/04/2026 04:09,T-04,90.6,6.3,13.9
17/04/2026 04:10,T-09,50.2,3.8,17.5
17/04/2026 04:11,T-04,87.6,5.7,17.7
17/04/2026 04:12,T-09,72.3,4.1,12.1
17/04/2026 04:13,T-02,63,7.6,17.5
17/04/2026 04:14,T-03,54.6,8.3,15.1
17/04/2026 04:15,T-10,61.6,7.5,17.6
17/04/2026 04:16,T-07,63,19,16.2
17/04/2026 04:17,T-04,86.5,6.9,15.5
17/04/2026 04:18,T-04,92.5,8.1,14.5
17/04/2026 04:19,T-03,51.2,3,15.9
17/04/2026 04:20,T-07,66.6,17.9,16.6
17/04/2026 04:21,T-01,60.8,6.6,12.3
17/04/2026 04:22,T-03,75,8.3,15.1
17/04/2026 04:23,T-05,51.6,3,13.8
17/04/2026 04:24,T-06,60.7,5.6,15.2
17/04/2026 04:25,T-05,52.3,6.7,14.9
17/04/2026 04:26,T-10,70.6,5.3,15.8
17/04/2026 04:27,T-03,70.6,8.9,17.8
17/04/2026 04:28,T-09,59.9,3.2,13.8
17/04/2026 04:29,T-04,91.5,7.9,15.3
17/04/2026 04:30,T-02,78.2,10.4,17
17/04/2026 04:31,T-01,71.7,11.5,13.5
17/04/2026 04:32,T-07,60.8,17.3,16.7
17/04/2026 04:33,T-06,60,9.1,16.7
17/04/2026 04:34,T-07,69,20.4,15
17/04/2026 04:35,T-04,89.2,5.5,15.1
17/04/2026 04:36,T-01,76.5,8,13
17/04/2026 04:37,T-01,77.7,7.4,17.6
17/04/2026 04:38,T-02,58.1,6.4,16.2
17/04/2026 04:39,T-10,70.4,4,15.9
17/04/2026 04:40,T-04,88.6,9.2,12.5
17/04/2026 04:41,T-04,93.5,9.6,16.2
17/04/2026 04:42,T-06,77.9,7.6,12.5
17/04/2026 04:43,T-02,59,7.6,13.3
17/04/2026 04:44,T-04,94.8,8.3,12
17/04/2026 04:45,T-03,51.6,5.2,17
17/04/2026 04:46,T-08,70.1,10,14
17/04/2026 04:47,T-09,68.3,9.7,16.8
17/04/2026 04:48,T-06,51,9.6,15.2
17/04/2026 04:49,T-04,86.2,9.5,13.9
17/04/2026 04:50,T-08,54.4,2.1,14.7
17/04/2026 04:51,T-03,70.4,4,14.7
17/04/2026 04:52,T-05,66.2,8.5,15.8
17/04/2026 04:53,T-08,52.2,6.8,16.8
17/04/2026 04:54,T-08,50.3,4.5,12.1
17/04/2026 04:55,T-04,91.9,5.1,17.2
17/04/2026 04:56,T-08,69.7,7.4,16.6
17/04/2026 04:57,T-06,76.5,5.4,14
17/04/2026 04:58,T-08,67.5,8.4,13.2
17/04/2026 04:59,T-08,67.9,8,17.2
17/04/2026 05:00,T-04,94.9,7,15.4
17/04/2026 05:01,T-10,63,10.3,16.3
17/04/2026 05:02,T-09,56,10.7,13.6
17/04/2026 05:03,T-03,69.1,5.6,16.4
17/04/2026 05:04,T-10,69,4.7,16.3
17/04/2026 05:05,T-07,67.7,18.4,13.7
17/04/2026 05:06,T-02,64.7,6.6,15.9
17/04/2026 05:07,T-06,56.8,3.2,14.7
17/04/2026 05:08,T-07,74.4,24.7,13.3
17/04/2026 05:09,T-01,67,8,12.2
17/04/2026 05:10,T-09,54.2,3.8,18
17/04/2026 05:11,T-04,95,6.3,15.6
17/04/2026 05:12,T-01,63.2,8.4,15.5
17/04/2026 05:13,T-06,54.2,4.6,16.4
17/04/2026 05:14,T-04,89.1,6.7,14.7
17/04/2026 05:15,T-08,67.9,3.1,17.6
17/04/2026 05:16,T-10,75.5,7.8,13.5
17/04/2026 05:17,T-02,69.6,4.8,17.7
17/04/2026 05:18,T-05,75.6,7.7,16.6
17/04/2026 05:19,T-09,55,7.8,13.3
17/04/2026 05:20,T-10,50.1,12,13.7
17/04/2026 05:21,T-09,56.6,10.1,14.5
17/04/2026 05:22,T-02,57.1,11.7,17.6
17/04/2026 05:23,T-08,79.8,5.1,13.9
17/04/2026 05:24,T-10,60.7,10.7,12.9
17/04/2026 05:25,T-09,65.7,10.7,17
17/04/2026 05:26,T-05,73.8,9.1,14.5
17/04/2026 05:27,T-03,51.2,3.3,14.8
17/04/2026 05:28,T-01,78.5,5.9,16.6
17/04/2026 05:29,T-01,79.4,3.3,15.2
17/04/2026 05:30,T-01,64.2,10.9,15.1
17/04/2026 05:31,T-05,77.8,9.3,15.2
17/04/2026 05:32,T-06,73.9,4.3,17.3
17/04/2026 05:33,T-07,69.4,20,17.6
17/04/2026 05:34,T-08,79.2,11,15.5
17/04/2026 05:35,T-04,93.1,5.4,14.4
17/04/2026 05:36,T-09,64.6,10.2,13.6
17/04/2026 05:37,T-08,62.3,6.7,15.3
17/04/2026 05:38,T-10,79.6,7.3,13.3
17/04/2026 05:39,T-02,74.1,9.9,14.8
17/04/2026 05:40,T-09,65.7,8.3,14.8
17/04/2026 05:41,T-09,59.6,4.3,13.8
17/04/2026 05:42,T-10,70.2,5.1,14.6
17/04/2026 05:43,T-05,51.9,8.9,14.2
17/04/2026 05:44,T-08,51.6,11.9,17.5
17/04/2026 05:45,T-10,77.9,10.2,16.6
17/04/2026 05:46,T-10,75,10.7,17.9
17/04/2026 05:47,T-06,61.5,3.2,17.3
17/04/2026 05:48,T-07,72.2,18.8,15.8
17/04/2026 05:49,T-03,50.3,11.7,17.9
17/04/2026 05:50,T-06,51.5,7.5,12.3
17/04/2026 05:51,T-08,66.9,9.7,17.1
17/04/2026 05:52,T-01,59.1,2.5,13.6
17/04/2026 05:53,T-05,75.3,6.2,17
17/04/2026 05:54,T-02,64,5.4,12.3
17/04/2026 05:55,T-10,78.2,9.8,13.8
17/04/2026 05:56,T-10,63.6,7.4,16.4
17/04/2026 05:57,T-09,64.3,2.8,13.3
17/04/2026 05:58,T-06,66.6,2.1,16
17/04/2026 05:59,T-02,70.3,4.3,15.6
17/04/2026 06:00,T-01,60.7,11.2,12.5
17/04/2026 06:01,T-05,60.8,2.8,17.8
17/04/2026 06:02,T-03,65.5,8.5,12.5
17/04/2026 06:03,T-07,61.8,22.5,13.7
17/04/2026 06:04,T-01,73.2,6.8,13.6
17/04/2026 06:05,T-10,62.2,11.6,17
17/04/2026 06:06,T-07,62.1,21.8,17.7
17/04/2026 06:07,T-03,75.3,11.1,12.3
17/04/2026 06:08,T-04,88,8.2,15
17/04/2026 06:09,T-02,78.5,3.6,14.8
17/04/2026 06:10,T-08,75.3,6.3,12.9
17/04/2026 06:11,T-09,50.8,10.5,17.5
17/04/2026 06:12,T-07,66,16.9,13.4
17/04/2026 06:13,T-01,78,9.1,13.1
17/04/2026 06:14,T-03,56.6,7.8,16.9
17/04/2026 06:15,T-10,77.5,4.5,12.8
17/04/2026 06:16,T-07,71.3,18.5,12.2
17/04/2026 06:17,T-02,56.3,4.2,17.5
17/04/2026 06:18,T-09,62.3,4,17
17/04/2026 06:19,T-04,89.6,9,16.2
17/04/2026 06:20,T-07,71,24.9,13.3
17/04/2026 06:21,T-01,70.1,10.9,15.5
17/04/2026 06:22,T-09,74.3,4.8,16.1
17/04/2026 06:23,T-07,65.7,23.3,15.4
17/04/2026 06:24,T-05,63.2,7.1,15.4
17/04/2026 06:25,T-07,68.8,18.4,15.3
17/04/2026 06:26,T-01,64.5,5.9,15.5
17/04/2026 06:27,T-04,90.7,6,13.1
17/04/2026 06:28,T-03,59.6,4.3,13.6
17/04/2026 06:29,T-02,77.1,5.3,16.3
17/04/2026 06:30,T-01,58.7,2.9,17.9
17/04/2026 06:31,T-01,55.8,9.8,16.6
17/04/2026 06:32,T-06,76.2,8.7,14.9
17/04/2026 06:33,T-09,54.4,4.2,12.2
17/04/2026 06:34,T-03,73.7,2.8,12.4
17/04/2026 06:35,T-01,61.6,11.8,17.8
17/04/2026 06:36,T-06,78.9,9.8,18
17/04/2026 06:37,T-09,57.9,5.5,12.5
17/04/2026 06:38,T-09,65.9,8.3,13.4
17/04/2026 06:39,T-02,67.7,5,12.3
17/04/2026 06:40,T-01,58.6,11.6,12.9
17/04/2026 06:41,T-02,73.3,7.2,16.3
17/04/2026 06:42,T-07,68.3,16.8,15.9
17/04/2026 06:43,T-09,60.2,8.5,13
17/04/2026 06:44,T-10,77.9,2.1,17.8
17/04/2026 06:45,T-03,68.8,7.3,15.3
17/04/2026 06:46,T-01,73.7,3.7,16.4
17/04/2026 06:47,T-07,72.6,24.3,13.2
17/04/2026 06:48,T-07,62.6,17.9,17.1
17/04/2026 06:49,T-07,60.1,21.6,16.8
17/04/2026 06:50,T-03,79.4,11.2,15.4
17/04/2026 06:51,T-01,57.9,10.4,12.9
17/04/2026 06:52,T-09,65.1,7.8,13.6
17/04/2026 06:53,T-02,55,8.7,13.8
17/04/2026 06:54,T-04,91.8,5.8,16.1
17/04/2026 06:55,T-07,74.7,17.4,17
17/04/2026 06:56,T-10,67,7,15.4
17/04/2026 06:57,T-02,67.1,7.4,15.4
17/04/2026 06:58,T-07,74.2,24.2,14.7
17/04/2026 06:59,T-07,62.1,19,12.9
17/04/2026 07:00,T-03,50.7,3.9,17.9
17/04/2026 07:01,T-04,91.7,9.5,12.5
17/04/2026 07:02,T-03,57.3,6.3,12.3
17/04/2026 07:03,T-09,59.1,9.9,15
17/04/2026 07:04,T-09,68.2,5.2,13.4
17/04/2026 07:05,T-04,93.9,7.7,13.5
17/04/2026 07:06,T-09,78.9,10.6,17
17/04/2026 07:07,T-02,79,10.7,16.1
17/04/2026 07:08,T-08,52.5,3,16.4
17/04/2026 07:09,T-01,53.3,10.9,16.1
17/04/2026 07:10,T-07,72.9,21.7,13.7
17/04/2026 07:11,T-04,93.6,7,17.5
17/04/2026 07:12,T-02,69.2,11,12.5
17/04/2026 07:13,T-04,90.1,5.7,12.6
17/04/2026 07:14,T-06,58.2,2.6,12.1
17/04/2026 07:15,T-10,78.4,6.2,12.4
17/04/2026 07:16,T-04,91.8,9.1,12.7
17/04/2026 07:17,T-05,71.9,6.1,13.2
17/04/2026 07:18,T-07,69.9,23.9,16.2
17/04/2026 07:19,T-01,54.5,5.2,14.8
17/04/2026 07:20,T-09,50.9,8.8,16.2
17/04/2026 07:21,T-04,90.1,6.2,14.4
17/04/2026 07:22,T-03,72.2,3.8,13.1
17/04/2026 07:23,T-03,59.4,3.7,15.9
17/04/2026 07:24,T-08,52.6,5,13.2
17/04/2026 07:25,T-04,92,8.6,15.4
17/04/2026 07:26,T-10,69.1,8,15.4
17/04/2026 07:27,T-08,64.6,10,12.3
17/04/2026 07:28,T-08,53.6,11.1,13.2
17/04/2026 07:29,T-01,52.3,7.4,12.2
17/04/2026 07:30,T-02,65,6.5,18
17/04/2026 07:31,T-10,75.4,8.8,15.6
17/04/2026 07:32,T-06,62.3,8.3,13.6
17/04/2026 07:33,T-04,89.4,9.8,17.9
17/04/2026 07:34,T-04,89.7,8.3,17.7
17/04/2026 07:35,T-08,72.8,10.8,12.2
17/04/2026 07:36,T-07,68.1,20.3,12.7
17/04/2026 07:37,T-03,78.7,9.8,13.4
17/04/2026 07:38,T-05,77.9,4.7,14.1
17/04/2026 07:39,T-02,56.3,5.8,13.8
17/04/2026 07:40,T-06,71.8,7.2,16.9
17/04/2026 07:41,T-10,58.8,7.2,13.5
17/04/2026 07:42,T-03,76.5,4.5,13
17/04/2026 07:43,T-10,53.3,5.5,14.2
17/04/2026 07:44,T-09,76.8,4,15.2
17/04/2026 07:45,T-01,58.3,7.9,12.6
17/04/2026 07:46,T-10,68.9,11.1,17.4
17/04/2026 07:47,T-06,60.4,5.3,16.2
17/04/2026 07:48,T-04,89.6,5.7,14.7
17/04/2026 07:49,T-09,56.2,7.3,16.7
17/04/2026 07:50,T-04,94.2,8,14.7
17/04/2026 07:51,T-05,57.2,10.5,17.7
17/04/2026 07:52,T-03,62.2,6.9,14.4
17/04/2026 07:53,T-08,71,11.6,16.1
17/04/2026 07:54,T-04,88.3,7.5,14.8
17/04/2026 07:55,T-09,73.1,11.9,17.3
17/04/2026 07:56,T-04,91.9,7.7,18
17/04/2026 07:57,T-02,75.3,7.6,13.2
17/04/2026 07:58,T-01,54.9,2.8,16
17/04/2026 07:59,T-01,59.6,6.8,12.2
17/04/2026 08:00,T-04,91.4,6.7,15.7
17/04/2026 08:01,T-01,52.7,11.5,17.3
17/04/2026 08:02,T-09,64.2,8.7,13.5
17/04/2026 08:03,T-09,64.9,6.9,14.4
17/04/2026 08:04,T-05,62.5,2.9,16.5
17/04/2026 08:05,T-09,61.9,10.6,14.6
17/04/2026 08:06,T-05,64.4,5.1,17.4
17/04/2026 08:07,T-04,88.9,5.3,16.4
17/04/2026 08:08,T-07,67.2,24.5,17.6
17/04/2026 08:09,T-02,63.3,8.5,14.3
17/04/2026 08:10,T-08,55.9,5.9,14.4
17/04/2026 08:11,T-09,74,7,14.9
17/04/2026 08:12,T-07,66.7,23.7,13.9
17/04/2026 08:13,T-03,71.8,2.5,12.5
17/04/2026 08:14,T-10,70.6,7.9,17.8
17/04/2026 08:15,T-05,50.6,11.9,13.7
17/04/2026 08:16,T-09,73.7,3.1,15.3
17/04/2026 08:17,T-06,50.3,3.6,12.6
17/04/2026 08:18,T-02,79.2,6.4,12.4
17/04/2026 08:19,T-09,59.8,3.5,17.5
17/04/2026 08:20,T-02,60.7,5.7,15.4
17/04/2026 08:21,T-08,53.1,2.7,15.4
17/04/2026 08:22,T-01,69.1,5.2,17.1
17/04/2026 08:23,T-04,90.9,8.2,14.5
17/04/2026 08:24,T-07,63.5,20.6,14
17/04/2026 08:25,T-01,73.2,10.1,14
17/04/2026 08:26,T-08,75,4,13.8
17/04/2026 08:27,T-08,64.9,6.5,16.2
17/04/2026 08:28,T-01,54,10.2,12.4
17/04/2026 08:29,T-10,52.6,4.1,13.8
17/04/2026 08:30,T-10,79.2,6.7,17.2
17/04/2026 08:31,T-05,69.9,3.2,16.4
17/04/2026 08:32,T-03,74.1,7.5,17.1
17/04/2026 08:33,T-03,77.3,10.3,15.2
17/04/2026 08:34,T-09,71.9,9,15.3
17/04/2026 08:35,T-06,70.7,10.7,12.7
17/04/2026 08:36,T-08,61.7,4.8,18
17/04/2026 08:37,T-08,70.3,6.3,16.8
17/04/2026 08:38,T-03,53.8,11.6,15.2
17/04/2026 08:39,T-03,50.6,10.9,14.9
17/04/2026 08:40,T-04,91.2,8.9,14
17/04/2026 08:41,T-06,51.4,4.2,14.9
17/04/2026 08:42,T-07,71.6,24.2,16.6
17/04/2026 08:43,T-03,76.9,5.9,17.8
17/04/2026 08:44,T-03,71.9,3.4,14.9
17/04/2026 08:45,T-02,56.1,6.7,14.1
17/04/2026 08:46,T-02,50.5,5.5,16.9
17/04/2026 08:47,T-02,66.3,9.8,17.4
17/04/2026 08:48,T-02,77,7.9,16.2
17/04/2026 08:49,T-01,60.2,2.1,17.7
17/04/2026 08:50,T-10,61.3,11.6,16
17/04/2026 08:51,T-04,89.2,7.6,13.1
17/04/2026 08:52,T-01,70.4,4,17.6
17/04/2026 08:53,T-02,69.2,8.2,12.7
17/04/2026 08:54,T-05,63,7.6,15.4
17/04/2026 08:55,T-06,57.9,2.5,14.8
17/04/2026 08:56,T-07,62.4,24.3,17.5
17/04/2026 08:57,T-01,64.7,2.1,16.3
17/04/2026 08:58,T-02,54.4,11.7,15.3
17/04/2026 08:59,T-06,51.7,2.4,14.5
17/04/2026 09:00,T-05,70.3,11.9,14.9
17/04/2026 09:01,T-08,72.3,4.6,16.8
17/04/2026 09:02,T-02,54.6,9.7,15.7
17/04/2026 09:03,T-02,79.7,11,13.6
17/04/2026 09:04,T-03,64.4,11.2,16.4
17/04/2026 09:05,T-06,75.2,10.2,14.4
17/04/2026 09:06,T-07,72.9,18,15.1
17/04/2026 09:07,T-10,78.9,9,16.8
17/04/2026 09:08,T-10,58.7,2.4,16
17/04/2026 09:09,T-05,67.3,10.7,16
17/04/2026 09:10,T-03,63.5,3,12.3
17/04/2026 09:11,T-01,65.9,11.1,12.3
17/04/2026 09:12,T-01,70.6,6.3,12.9
17/04/2026 09:13,T-07,71.4,22.3,13.7
17/04/2026 09:14,T-04,87.3,5.5,17.9
17/04/2026 09:15,T-09,77,5.2,17
17/04/2026 09:16,T-01,69,2,14.9
17/04/2026 09:17,T-03,67.1,8.9,12.8
17/04/2026 09:18,T-06,78.4,6.3,12.6
17/04/2026 09:19,T-02,70.9,9.9,15.8
17/04/2026 09:20,T-10,64,11.2,13
17/04/2026 09:21,T-08,79.4,2.4,16
17/04/2026 09:22,T-07,60.2,24.4,16.7
17/04/2026 09:23,T-02,50.2,3.6,15
17/04/2026 09:24,T-06,78.8,3.8,12.7
17/04/2026 09:25,T-07,61,19.2,14.1
17/04/2026 09:26,T-08,58.3,5.4,16.7
17/04/2026 09:27,T-06,51.9,9.4,15.4
17/04/2026 09:28,T-02,63,9.1,12.5
17/04/2026 09:29,T-01,76,11.1,14.9
17/04/2026 09:30,T-06,71.3,11.2,17.3
17/04/2026 09:31,T-10,62.7,9.3,17.7
17/04/2026 09:32,T-08,63,2.4,15.8
17/04/2026 09:33,T-10,73.1,10.8,14.2
17/04/2026 09:34,T-02,73.9,9.6,15.5
17/04/2026 09:35,T-10,52.6,4.8,16.2
17/04/2026 09:36,T-04,90.5,8.9,17.5
17/04/2026 09:37,T-04,93.1,9.9,13.4
17/04/2026 09:38,T-08,71.1,5.9,12.9
17/04/2026 09:39,T-01,58.5,7.3,12
17/04/2026 09:40,T-06,62.8,10.1,12.3
17/04/2026 09:41,T-10,70.6,4,17
17/04/2026 09:42,T-07,62.5,21.7,17.2
17/04/2026 09:43,T-08,67.2,8.5,16.8
17/04/2026 09:44,T-03,70.2,6.3,13.5
17/04/2026 09:45,T-07,71.9,20.4,16.2
17/04/2026 09:46,T-07,60.3,21.1,15.4
17/04/2026 09:47,T-02,69.3,5.7,13.3
17/04/2026 09:48,T-03,56.2,11.1,12.2
17/04/2026 09:49,T-01,55.1,2.9,12.6
17/04/2026 09:50,T-10,55.9,8.1,17.8
17/04/2026 09:51,T-08,68.7,5,14.1
17/04/2026 09:52,T-06,59.1,6.1,12.5
17/04/2026 09:53,T-07,60.8,17.6,15.2
17/04/2026 09:54,T-06,63.3,7.9,13.8
17/04/2026 09:55,T-10,50.5,3.6,17.6
17/04/2026 09:56,T-06,62.3,4.2,14.5
17/04/2026 09:57,T-03,73.1,10,17.9
17/04/2026 09:58,T-03,77,7,12.3
17/04/2026 09:59,T-03,54.1,11.8,13
17/04/2026 10:00,T-02,55.4,3.4,17.3
17/04/2026 10:01,T-04,86.8,9.5,14
17/04/2026 10:02,T-04,89.4,8.7,13.9
17/04/2026 10:03,T-03,77.8,11.8,14.4
17/04/2026 10:04,T-10,63.7,11.6,15.9
17/04/2026 10:05,T-06,77.5,10,17.1
17/04/2026 10:06,T-10,74.2,9.2,12.8
17/04/2026 10:07,T-05,70.6,2.8,12.9
17/04/2026 10:08,T-07,65.7,21.5,16.2
17/04/2026 10:09,T-03,75.6,10.1,12
17/04/2026 10:10,T-07,69.3,19,12.8
17/04/2026 10:11,T-02,59.3,6.4,17.1
17/04/2026 10:12,T-06,57,10.6,12.4
17/04/2026 10:13,T-09,76.4,5,17.1
17/04/2026 10:14,T-06,58,4.3,12.6
17/04/2026 10:15,T-03,65.9,5.6,16.2
17/04/2026 10:16,T-02,69.6,11.6,12.1
17/04/2026 10:17,T-02,75,3.1,16.7
17/04/2026 10:18,T-01,69.2,4.5,17.1
17/04/2026 10:19,T-08,65.2,6.1,13.4
17/04/2026 10:20,T-05,66,4.9,15.5
17/04/2026 10:21,T-09,61,3.8,16.9
17/04/2026 10:22,T-08,51.6,8.1,13.4
17/04/2026 10:23,T-08,50.5,5.6,15.4
17/04/2026 10:24,T-06,62.1,3.5,14.8
17/04/2026 10:25,T-08,67.2,11.5,16.2
17/04/2026 10:26,T-03,76.4,3.6,15.9
17/04/2026 10:27,T-08,61.7,8.5,16.1
17/04/2026 10:28,T-01,51.3,2.7,16.3
17/04/2026 10:29,T-06,59.2,10.7,13.4
17/04/2026 10:30,T-10,53.7,6.9,15.3
17/04/2026 10:31,T-01,73.6,2.7,14.7
17/04/2026 10:32,T-06,52.9,9.2,15.4
17/04/2026 10:33,T-02,58.5,2.5,14.4
17/04/2026 10:34,T-08,63.4,11.5,12.8
17/04/2026 10:35,T-07,70.4,20.4,14.2
17/04/2026 10:36,T-08,68.2,8.1,15.3
17/04/2026 10:37,T-09,75,7.9,16.1
17/04/2026 10:38,T-04,90.9,5.9,15.8
17/04/2026 10:39,T-06,57.8,7.2,16.7
17/04/2026 10:40,T-06,54.3,3.7,13
17/04/2026 10:41,T-01,59.1,10.3,14.7
17/04/2026 10:42,T-01,75.7,10.2,15.4
17/04/2026 10:43,T-08,54.3,10.4,13.7
17/04/2026 10:44,T-02,72.8,6.5,13.1
17/04/2026 10:45,T-10,78.7,2,16.5
17/04/2026 10:46,T-07,70.8,23.9,16.8
17/04/2026 10:47,T-04,88.6,8.3,14.7
17/04/2026 10:48,T-05,55.7,7.8,14
17/04/2026 10:49,T-07,68.4,16.7,15
17/04/2026 10:50,T-08,66.2,11.5,15
17/04/2026 10:51,T-07,61.6,21.3,17.7
17/04/2026 10:52,T-03,76.3,4.4,14
17/04/2026 10:53,T-06,58.1,11.6,17.9
17/04/2026 10:54,T-05,51.4,5.2,15.3
17/04/2026 10:55,T-02,58.8,2.8,16
17/04/2026 10:56,T-06,60.9,6.8,17.6
17/04/2026 10:57,T-09,66.8,8.2,12.8
17/04/2026 10:58,T-06,66.9,8.2,17.5
17/04/2026 10:59,T-01,51.3,4.6,14.3
17/04/2026 11:00,T-01,68.6,3.3,16
17/04/2026 11:01,T-06,71.5,9.5,16.3
17/04/2026 11:02,T-06,54.2,9.2,17.5
17/04/2026 11:03,T-07,70.6,19.1,14.1
17/04/2026 11:04,T-08,77,8.8,17.2
17/04/2026 11:05,T-10,52.5,4.9,18
17/04/2026 11:06,T-03,70.8,6.7,12.6
17/04/2026 11:07,T-05,76.2,8.2,12.4
17/04/2026 11:08,T-05,72.9,7.2,14
17/04/2026 11:09,T-10,71.1,5,14.5
17/04/2026 11:10,T-08,60,3.5,14.5
17/04/2026 11:11,T-08,73.6,9.9,15.8
17/04/2026 11:12,T-05,77.8,5.5,17.1
17/04/2026 11:13,T-10,77.7,8.8,13.6
17/04/2026 11:14,T-02,72.8,5.2,13.4
17/04/2026 11:15,T-03,62.4,9.5,12.5
17/04/2026 11:16,T-02,74.6,8.1,17.7
17/04/2026 11:17,T-10,57.7,8.6,13.6
17/04/2026 11:18,T-03,57,7,13.7
17/04/2026 11:19,T-01,73.5,10,15.5
17/04/2026 11:20,T-06,72.2,4.2,13.1
17/04/2026 11:21,T-04,87.3,8.4,14.4
17/04/2026 11:22,T-07,73.8,18,12.4
17/04/2026 11:23,T-05,58.1,2.5,13.4
17/04/2026 11:24,T-01,53.2,4,17.5
17/04/2026 11:25,T-03,75.8,5.5,14.5
17/04/2026 11:26,T-09,70.8,9.9,15.2
17/04/2026 11:27,T-06,69,8.4,15.2
17/04/2026 11:28,T-04,90,9.3,16
17/04/2026 11:29,T-02,78.8,3.4,14.9
17/04/2026 11:30,T-08,73.6,7,14.5
17/04/2026 11:31,T-10,62.9,6,14.3
17/04/2026 11:32,T-08,69.9,6,15.3
17/04/2026 11:33,T-09,65.2,4.5,12.4
17/04/2026 11:34,T-10,68.3,11,12.5
17/04/2026 11:35,T-10,59.3,4,13.9
17/04/2026 11:36,T-09,57.9,6.1,12.6
17/04/2026 11:37,T-09,62.2,10.5,12.8
17/04/2026 11:38,T-02,75.5,6.4,12.1
17/04/2026 11:39,T-08,75.7,8.9,12.3
17/04/2026 11:40,T-04,91.6,5.3,16.9
17/04/2026 11:41,T-09,66.2,3.8,12.1
17/04/2026 11:42,T-05,72.7,4.9,12.2
17/04/2026 11:43,T-03,58.8,4.6,15.5
17/04/2026 11:44,T-10,62.5,6.4,14.5
17/04/2026 11:45,T-01,51.6,6.9,15
17/04/2026 11:46,T-09,75.2,8,17.5
17/04/2026 11:47,T-07,71,18.1,16.9
17/04/2026 11:48,T-04,90.1,9.9,16.4
17/04/2026 11:49,T-09,78,11.3,14.5
17/04/2026 11:50,T-09,69.7,3.3,16.5
17/04/2026 11:51,T-06,52.2,4.2,15.4
17/04/2026 11:52,T-10,51.3,7.5,14.6
17/04/2026 11:53,T-04,86.9,7,12.1
17/04/2026 11:54,T-07,67.9,23,16
17/04/2026 11:55,T-06,53,5.5,18
17/04/2026 11:56,T-09,59.1,7.6,12
17/04/2026 11:57,T-01,72.8,7.7,17.3
17/04/2026 11:58,T-10,65,4,14
17/04/2026 11:59,T-10,58.4,9,16.6
17/04/2026 12:00,T-01,68.7,11.6,13.9
17/04/2026 12:01,T-10,76.6,2.5,15.8
17/04/2026 12:02,T-01,73,8.2,17.5
17/04/2026 12:03,T-02,75.8,9.9,13.3
17/04/2026 12:04,T-03,52,6.2,12.8
17/04/2026 12:05,T-06,66.7,4.3,12.2
17/04/2026 12:06,T-04,87,7.7,13.1
17/04/2026 12:07,T-01,70.1,2.3,16.8
17/04/2026 12:08,T-02,60.3,8.6,17.1
17/04/2026 12:09,T-08,71,6.6,17.6
17/04/2026 12:10,T-08,67.8,5.3,17.7
17/04/2026 12:11,T-01,55.9,3.7,17.4
17/04/2026 12:12,T-04,87.8,8.7,13.6
17/04/2026 12:13,T-01,63.7,5.5,17
17/04/2026 12:14,T-04,88.3,6.6,13.4
17/04/2026 12:15,T-03,64.9,2.6,16.3
17/04/2026 12:16,T-04,88.9,6.5,13
17/04/2026 12:17,T-07,67.5,20,17.6
17/04/2026 12:18,T-05,53.9,2.5,13.8
17/04/2026 12:19,T-04,86.5,6,18
17/04/2026 12:20,T-01,57.1,9.6,13.9
17/04/2026 12:21,T-02,54.1,3.5,17.7
17/04/2026 12:22,T-04,89.4,9.9,16
17/04/2026 12:23,T-02,73.1,12,16.6
17/04/2026 12:24,T-08,57.3,4.9,13.1
17/04/2026 12:25,T-05,77.7,6.2,12.9
17/04/2026 12:26,T-10,78.4,3.9,17
17/04/2026 12:27,T-06,76,3,16.5
17/04/2026 12:28,T-01,53.6,9,13
17/04/2026 12:29,T-09,77.3,11.3,13.4
17/04/2026 12:30,T-09,59,6.6,16
17/04/2026 12:31,T-10,65.7,5.5,14.9
17/04/2026 12:32,T-07,63.7,17.9,16
17/04/2026 12:33,T-06,59.8,8.4,16.2
17/04/2026 12:34,T-08,56.6,2.8,13.7
17/04/2026 12:35,T-04,86,6.9,15.6
17/04/2026 12:36,T-07,74.1,21.7,17
17/04/2026 12:37,T-04,93.6,7.4,17.6
17/04/2026 12:38,T-04,91.3,9.3,12.6
17/04/2026 12:39,T-05,64.1,10.1,17.9
17/04/2026 12:40,T-03,61.9,10.4,15.7
17/04/2026 12:41,T-09,66.2,6.9,16.9
17/04/2026 12:42,T-06,68.7,6.7,13
17/04/2026 12:43,T-05,60.7,4.8,16.6
17/04/2026 12:44,T-03,55.2,11.3,15.6
17/04/2026 12:45,T-07,63.8,22.3,12
17/04/2026 12:46,T-09,75,6.5,13.7
17/04/2026 12:47,T-05,56.7,6,16.8
17/04/2026 12:48,T-07,71.9,18.7,14.1
17/04/2026 12:49,T-08,74.7,2.7,17.7
17/04/2026 12:50,T-05,59.8,7.8,16.2
17/04/2026 12:51,T-06,60.5,6.5,14.5
17/04/2026 12:52,T-03,74.4,11.5,15.9
17/04/2026 12:53,T-09,64,11.8,16.7
17/04/2026 12:54,T-02,55.8,3.3,15.6
17/04/2026 12:55,T-02,69.5,10.4,14.7
17/04/2026 12:56,T-02,68,2.8,17.3
17/04/2026 12:57,T-06,56.9,2.7,14.8
17/04/2026 12:58,T-10,62,7.8,16.2
17/04/2026 12:59,T-08,56.4,8.7,16.2
17/04/2026 13:00,T-01,58.8,8.7,16.5
17/04/2026 13:01,T-03,51.2,11.5,14.1
17/04/2026 13:02,T-03,67.2,7.2,12.1
17/04/2026 13:03,T-09,76.5,6.4,15.4
17/04/2026 13:04,T-06,74.2,8.9,13.1
17/04/2026 13:05,T-07,64.8,22.6,16.6
17/04/2026 13:06,T-03,65.5,3.5,16
17/04/2026 13:07,T-10,77.6,6.4,17.6
17/04/2026 13:08,T-06,75.6,6.8,16.8
17/04/2026 13:09,T-02,79.9,6.8,12.5
17/04/2026 13:10,T-05,53.6,10.8,12.4
17/04/2026 13:11,T-07,68.3,24.6,13.7
17/04/2026 13:12,T-06,50.9,11.7,12.3
17/04/2026 13:13,T-03,57.2,2.1,14.6
17/04/2026 13:14,T-08,70.4,4.7,14.4
17/04/2026 13:15,T-09,78.5,11.6,13.5
17/04/2026 13:16,T-04,87.1,9.5,16.7
17/04/2026 13:17,T-07,67.9,19.4,12.5
17/04/2026 13:18,T-02,56.6,4.8,13.9
17/04/2026 13:19,T-04,86.7,9.7,15
17/04/2026 13:20,T-05,57.9,2.7,12.7
17/04/2026 13:21,T-08,76.2,4.7,15.3
17/04/2026 13:22,T-03,78.2,9.9,13.6
17/04/2026 13:23,T-02,65.8,4.7,17
17/04/2026 13:24,T-03,59.9,3.3,16.4
17/04/2026 13:25,T-07,67.1,16.2,15.8
17/04/2026 13:26,T-01,57.6,9.9,12.1
17/04/2026 13:27,T-07,63.9,22.8,15.5
17/04/2026 13:28,T-02,54.4,11,16.5
17/04/2026 13:29,T-06,72.5,7.5,14.9
17/04/2026 13:30,T-02,67.5,7,16.2
17/04/2026 13:31,T-05,50.4,10.5,13.2
17/04/2026 13:32,T-05,54.7,5.4,16.8
17/04/2026 13:33,T-05,65.2,3.9,13.9
17/04/2026 13:34,T-08,73.3,10.9,16.3
17/04/2026 13:35,T-08,65.9,7.4,14.6
17/04/2026 13:36,T-08,51.4,5.2,16.2
17/04/2026 13:37,T-01,52.8,2.5,17.9
17/04/2026 13:38,T-10,76.7,2.8,18
17/04/2026 13:39,T-07,60.6,19.4,15.5
17/04/2026 13:40,T-03,76.9,2,16.1
17/04/2026 13:41,T-03,68.4,8.8,12.2
17/04/2026 13:42,T-04,94.4,8.5,14
17/04/2026 13:43,T-04,88.5,9.8,16.5
17/04/2026 13:44,T-01,64.4,6,14.9
17/04/2026 13:45,T-04,87.2,7.4,16.7
17/04/2026 13:46,T-05,74.6,7.4,14.8
17/04/2026 13:47,T-10,73.7,9,16.2
17/04/2026 13:48,T-10,65.3,9.6,14.5
17/04/2026 13:49,T-02,65.1,4.4,12.1
17/04/2026 13:50,T-09,77.1,9.8,12.6
17/04/2026 13:51,T-01,58.8,7.3,12.7
17/04/2026 13:52,T-02,72.8,6.8,13.1
17/04/2026 13:53,T-06,63.1,7.3,14.3
17/04/2026 13:54,T-04,88.9,8.5,12.5
17/04/2026 13:55,T-04,94.3,6,13
17/04/2026 13:56,T-04,87.9,9.7,15.4
17/04/2026 13:57,T-09,63.6,9.3,17.5
17/04/2026 13:58,T-06,68.1,3.5,14.6
17/04/2026 13:59,T-01,77.1,5.4,12.4
17/04/2026 14:00,T-01,52.5,11.4,16.6
17/04/2026 14:01,T-09,70.6,4.6,14.9
17/04/2026 14:02,T-01,50,3.5,17.3
17/04/2026 14:03,T-04,86.2,9.3,14.8
17/04/2026 14:04,T-06,66.8,6.5,16.3
17/04/2026 14:05,T-03,65.9,3.2,17.3
17/04/2026 14:06,T-06,74.5,3.4,15.8
17/04/2026 14:07,T-01,58.6,3.2,12.9
17/04/2026 14:08,T-07,65,22.8,16.1
17/04/2026 14:09,T-04,93.2,7.3,12.8
17/04/2026 14:10,T-03,63,10,17.7
17/04/2026 14:11,T-06,57.2,6,13.5
17/04/2026 14:12,T-02,70.2,4.9,12.6
17/04/2026 14:13,T-10,71.1,7.7,14.1
17/04/2026 14:14,T-04,86.2,6.8,17.5
17/04/2026 14:15,T-06,65.3,4.3,16
17/04/2026 14:16,T-10,63.3,6.4,17.2
17/04/2026 14:17,T-05,74.2,4.4,15.7
17/04/2026 14:18,T-03,50.9,7.1,17
17/04/2026 14:19,T-08,69.4,4.1,14.2
17/04/2026 14:20,T-10,68.3,3.4,16.5
17/04/2026 14:21,T-07,61,19.1,16
17/04/2026 14:22,T-04,90.6,9.3,17.4
17/04/2026 14:23,T-03,65.9,4.1,14
17/04/2026 14:24,T-09,77.2,11.9,13.2
17/04/2026 14:25,T-08,51.7,8.5,17.4
17/04/2026 14:26,T-08,66.6,8.1,15.8
17/04/2026 14:27,T-02,75.4,3.2,17.8
17/04/2026 14:28,T-02,52,7.6,17.1
17/04/2026 14:29,T-09,75.7,5.6,17.7
17/04/2026 14:30,T-02,53.2,2.3,15.3
17/04/2026 14:31,T-09,78.1,10.8,16.6
17/04/2026 14:32,T-08,53.8,8,15.4
17/04/2026 14:33,T-03,78.5,5.6,15.8
17/04/2026 14:34,T-03,64.8,3.7,17.8
17/04/2026 14:35,T-09,53.8,3.5,14.1
17/04/2026 14:36,T-07,71.8,20.9,12.3
17/04/2026 14:37,T-10,72.7,5.7,13.4
17/04/2026 14:38,T-02,55.1,5.4,16.7
17/04/2026 14:39,T-09,73.2,10.3,13
17/04/2026 14:40,T-02,56.8,10.6,12.7
17/04/2026 14:41,T-06,52.6,4.2,12.3
17/04/2026 14:42,T-08,54.5,10.9,12.6
17/04/2026 14:43,T-10,51.4,7.5,12.9
17/04/2026 14:44,T-09,79.9,6.5,13.9
17/04/2026 14:45,T-08,52.8,11.8,17.9
17/04/2026 14:46,T-02,65.1,6.9,15.6
17/04/2026 14:47,T-03,54.1,8.8,14.5
17/04/2026 14:48,T-08,69,6.2,14.2
17/04/2026 14:49,T-03,73.9,6.7,16.6
17/04/2026 14:50,T-05,78.2,9.7,16.8
17/04/2026 14:51,T-05,56.8,4.6,16.4
17/04/2026 14:52,T-06,70.1,5.2,15.8
17/04/2026 14:53,T-04,93.8,8.7,17
17/04/2026 14:54,T-06,67.4,7,17.8
17/04/2026 14:55,T-03,70,11.9,15.6
17/04/2026 14:56,T-10,51.9,9,12.9
17/04/2026 14:57,T-09,60.9,6.5,14.1
17/04/2026 14:58,T-08,69.2,11.3,13.8
17/04/2026 14:59,T-05,75.5,4.1,13.5
17/04/2026 15:00,T-07,66.5,16.2,16.6
17/04/2026 15:01,T-07,63.3,21.4,13.3
17/04/2026 15:02,T-07,73.4,20.7,12.4
17/04/2026 15:03,T-10,75.9,7.2,12.1
17/04/2026 15:04,T-01,64.9,9.8,12.2
17/04/2026 15:05,T-02,60.4,6.8,12.1
17/04/2026 15:06,T-08,75.6,11.9,16.6
17/04/2026 15:07,T-05,70.9,6.3,17.2
17/04/2026 15:08,T-04,91.6,6.9,16
17/04/2026 15:09,T-03,70.5,3.7,15
17/04/2026 15:10,T-05,76.5,9.8,14.5
17/04/2026 15:11,T-02,67.4,3,15.1
17/04/2026 15:12,T-01,67.7,10.6,12
17/04/2026 15:13,T-02,62.3,4.5,16.2
17/04/2026 15:14,T-09,75.3,5.3,14.4
17/04/2026 15:15,T-06,75.9,6,14.7
17/04/2026 15:16,T-10,56.3,8,16.6
17/04/2026 15:17,T-09,73.4,4.6,16.7
17/04/2026 15:18,T-04,87,5.1,13.5
17/04/2026 15:19,T-02,73.8,10.8,16.9
17/04/2026 15:20,T-06,60.3,6.2,14.3
17/04/2026 15:21,T-04,93.5,8.4,12.8
17/04/2026 15:22,T-02,55.6,10.9,15.7
17/04/2026 15:23,T-01,78.6,7.7,16.9
17/04/2026 15:24,T-01,61.2,11.5,16.4
17/04/2026 15:25,T-03,62.5,2.3,14
17/04/2026 15:26,T-06,60.3,7.7,13.8
17/04/2026 15:27,T-10,78,6.8,14.3
17/04/2026 15:28,T-06,67.4,2.9,17.8
17/04/2026 15:29,T-10,57.9,5.9,12.2
17/04/2026 15:30,T-02,78.9,11.8,17.6
17/04/2026 15:31,T-05,63.2,10.8,17.3
17/04/2026 15:32,T-10,54.3,9,14.2
17/04/2026 15:33,T-04,86.3,6.6,12.3
17/04/2026 15:34,T-05,52.5,10.2,16.7
17/04/2026 15:35,T-01,67,9.7,16.9
17/04/2026 15:36,T-05,55.7,8.7,13.4
17/04/2026 15:37,T-09,52.1,2.4,13
17/04/2026 15:38,T-04,90.4,9.8,16.6
17/04/2026 15:39,T-06,68.6,6.4,15.5
17/04/2026 15:40,T-07,70,21.9,12.4
17/04/2026 15:41,T-08,57.7,5.1,16.4
17/04/2026 15:42,T-08,78.2,6.3,12.8
17/04/2026 15:43,T-01,73.8,6,15.5
17/04/2026 15:44,T-03,57.3,7,13.5
17/04/2026 15:45,T-10,60.6,9.6,16.6
17/04/2026 15:46,T-05,53.8,7.5,16
17/04/2026 15:47,T-09,61.9,2.2,13.5
17/04/2026 15:48,T-09,68.6,3.8,17.5
17/04/2026 15:49,T-02,72.7,5.8,14.3
17/04/2026 15:50,T-04,93.1,7,13.4
17/04/2026 15:51,T-10,68.4,4.2,13.3
17/04/2026 15:52,T-09,79.4,3.1,12.5
17/04/2026 15:53,T-04,94.1,9.4,13.2
17/04/2026 15:54,T-04,93.6,5.5,17.5
17/04/2026 15:55,T-01,79.5,2.6,12.2
17/04/2026 15:56,T-05,51.8,2.7,13
17/04/2026 15:57,T-08,56.2,7.8,14.7
17/04/2026 15:58,T-10,57.9,8.5,12.6
17/04/2026 15:59,T-02,68.5,2.4,12.5
17/04/2026 16:00,T-03,70,9.8,12.9
17/04/2026 16:01,T-07,63.2,21.9,12.8
17/04/2026 16:02,T-07,61.5,24.4,14.8
17/04/2026 16:03,T-03,55,3.8,16.3
17/04/2026 16:04,T-10,67.2,6.3,17.4
17/04/2026 16:05,T-10,61.9,9.6,17.1
17/04/2026 16:06,T-07,63.6,24.1,14.9
17/04/2026 16:07,T-10,78.9,10.2,17.7
17/04/2026 16:08,T-03,63.6,5.7,17.5
17/04/2026 16:09,T-09,74.5,3.2,16.4
17/04/2026 16:10,T-06,50.2,2.4,14
17/04/2026 16:11,T-07,71.1,17.5,16.2
17/04/2026 16:12,T-10,66.2,11.2,17.8
17/04/2026 16:13,T-10,76,10.8,15.3
17/04/2026 16:14,T-04,94.3,6.8,12.4
17/04/2026 16:15,T-06,67.9,6.1,14.8
17/04/2026 16:16,T-07,69.8,18.5,13.9
17/04/2026 16:17,T-04,94.7,8,16.1
17/04/2026 16:18,T-10,66.3,4.2,17.7
17/04/2026 16:19,T-10,51.8,8.6,12.5
17/04/2026 16:20,T-07,63.4,17.5,14
17/04/2026 16:21,T-03,67.7,11.5,16.1
17/04/2026 16:22,T-01,70.1,4,15.4
17/04/2026 16:23,T-10,70.7,9.7,13.2
17/04/2026 16:24,T-05,65.2,10.4,13.3
17/04/2026 16:25,T-04,86.7,9.3,17.1
17/04/2026 16:26,T-10,65.8,8.8,16.8
17/04/2026 16:27,T-05,69.7,7.6,16
17/04/2026 16:28,T-08,68.9,9.1,15
17/04/2026 16:29,T-06,65,11.6,14.2
17/04/2026 16:30,T-02,51,9.7,15.4
17/04/2026 16:31,T-10,63.8,2.9,17
17/04/2026 16:32,T-06,50.3,9.4,15.9
17/04/2026 16:33,T-07,65.6,18.6,12.3
17/04/2026 16:34,T-10,72.7,6.8,15.6
17/04/2026 16:35,T-01,67.7,8.2,16.9
17/04/2026 16:36,T-07,69.3,19.1,17.4
17/04/2026 16:37,T-07,60.4,23,16.8
17/04/2026 16:38,T-02,72.1,7.1,16.8
17/04/2026 16:39,T-02,53.8,10,14.2
17/04/2026 16:40,T-09,61.6,3.8,12.7
17/04/2026 16:41,T-02,58,4.1,15.8
17/04/2026 16:42,T-04,88.1,6.5,13.1
17/04/2026 16:43,T-05,75.7,8.7,13.2
17/04/2026 16:44,T-03,51.5,6.1,17.3
17/04/2026 16:45,T-02,78.6,5,13.2
17/04/2026 16:46,T-02,69.8,2.6,13.5
17/04/2026 16:47,T-02,77.8,8,13.2
17/04/2026 16:48,T-07,70.7,24.1,17
17/04/2026 16:49,T-06,57.5,2.1,14.4
17/04/2026 16:50,T-06,68.3,7.5,14.6
17/04/2026 16:51,T-02,56.6,5.1,14.2
17/04/2026 16:52,T-01,76.1,6.1,13.8
17/04/2026 16:53,T-07,71.7,17.6,15.9
17/04/2026 16:54,T-06,61.1,8.1,17
17/04/2026 16:55,T-09,56.7,8.9,13.6
17/04/2026 16:56,T-04,92.8,6.4,16.7
17/04/2026 16:57,T-01,62.1,11.2,13.6
17/04/2026 16:58,T-08,59.4,8.8,13.5
17/04/2026 16:59,T-06,70.3,9.4,12.1
17/04/2026 17:00,T-09,72.9,5.5,12.9
17/04/2026 17:01,T-04,88.8,9,15.6
17/04/2026 17:02,T-10,50.5,8.9,17.9
17/04/2026 17:03,T-01,60.3,7.8,14.6
17/04/2026 17:04,T-07,69.7,21.2,17
17/04/2026 17:05,T-08,69.3,3.7,13.1
17/04/2026 17:06,T-09,64.9,5.3,17.2
17/04/2026 17:07,T-01,76.1,9.5,13
17/04/2026 17:08,T-03,72.1,3.1,13.5
17/04/2026 17:09,T-05,62.2,6.1,15
17/04/2026 17:10,T-05,57.2,11.5,17.9
17/04/2026 17:11,T-02,60,7.6,14.2
17/04/2026 17:12,T-01,64.4,3,17.5
17/04/2026 17:13,T-05,69.6,7.3,15.1
17/04/2026 17:14,T-07,65.8,24.3,16.1
17/04/2026 17:15,T-05,70.4,7,12.5
17/04/2026 17:16,T-06,61.3,2.6,14.7
17/04/2026 17:17,T-08,71.3,7.4,14.2
17/04/2026 17:18,T-09,58.6,11.2,14.5
17/04/2026 17:19,T-03,74.6,5.1,14
17/04/2026 17:20,T-04,91.2,9.8,17.4
17/04/2026 17:21,T-10,66.7,9.2,12.4
17/04/2026 17:22,T-04,88.4,8.1,14.7
17/04/2026 17:23,T-02,50.9,5.6,14.5
17/04/2026 17:24,T-03,74.1,7,14.9
17/04/2026 17:25,T-09,59.3,7.5,14.2
17/04/2026 17:26,T-10,67.1,9.1,12.4
17/04/2026 17:27,T-09,75.9,10.7,13.3
17/04/2026 17:28,T-01,78.7,6.4,16.3
17/04/2026 17:29,T-03,60.1,6.7,15.3
17/04/2026 17:30,T-01,74,10.5,13
17/04/2026 17:31,T-09,56.8,4,14.1
17/04/2026 17:32,T-05,71.1,2.3,17.8
17/04/2026 17:33,T-09,56.8,10.4,17.5
17/04/2026 17:34,T-09,60.4,6.3,17.8
17/04/2026 17:35,T-01,72.8,3.8,15.8
17/04/2026 17:36,T-04,93.8,6,14.7
17/04/2026 17:37,T-07,61.6,24.3,13.4
17/04/2026 17:38,T-01,61.5,3,12.1
17/04/2026 17:39,T-03,61.5,11.9,16.5
17/04/2026 17:40,T-02,71.3,4.5,16.1
17/04/2026 17:41,T-07,64.7,21.8,12.5
17/04/2026 17:42,T-01,62.2,6.5,16.8
17/04/2026 17:43,T-06,53.9,6.1,15.4
17/04/2026 17:44,T-08,53.7,4.9,12
17/04/2026 17:45,T-07,73.1,16.4,15.9
17/04/2026 17:46,T-06,73.5,4.9,12.8
17/04/2026 17:47,T-08,66.9,11.8,12
17/04/2026 17:48,T-05,64.8,9.9,16.5
17/04/2026 17:49,T-06,55.8,10.4,12.2
17/04/2026 17:50,T-02,62.6,5,16.8
17/04/2026 17:51,T-08,73.8,10.2,13
17/04/2026 17:52,T-10,78.4,8.8,17.3
17/04/2026 17:53,T-04,91.7,6.2,14.5
17/04/2026 17:54,T-02,51.8,5.4,16.7
17/04/2026 17:55,T-09,66,6,14.1
17/04/2026 17:56,T-08,54.8,6.1,15.9
17/04/2026 17:57,T-02,50.3,9.3,13.1
17/04/2026 17:58,T-04,88.4,9.1,17.5
17/04/2026 17:59,T-01,60.4,2.5,15.7
17/04/2026 18:00,T-05,64.8,5.1,17.7
17/04/2026 18:01,T-05,55,6.8,13.2
17/04/2026 18:02,T-06,72.4,7.5,13
17/04/2026 18:03,T-06,50.8,2.8,16.2
17/04/2026 18:04,T-05,70.4,7.6,13.6
17/04/2026 18:05,T-01,55.1,5.1,14.3
17/04/2026 18:06,T-01,66.7,10.6,17.3
17/04/2026 18:07,T-08,67.3,9.4,12.5
17/04/2026 18:08,T-09,76.4,5.9,16.9
17/04/2026 18:09,T-07,74.7,19.1,13.9
17/04/2026 18:10,T-05,78.9,2.2,13.8
17/04/2026 18:11,T-04,91.7,9,15.9
17/04/2026 18:12,T-10,57.6,3.9,16.5
17/04/2026 18:13,T-06,52.5,2.4,14.6
17/04/2026 18:14,T-08,66,8.2,17.7
17/04/2026 18:15,T-09,63.6,10.1,13.5
17/04/2026 18:16,T-06,55.8,10.8,13.3
17/04/2026 18:17,T-01,56,5.6,12.3
17/04/2026 18:18,T-02,78.7,2.5,17.9
17/04/2026 18:19,T-10,55.1,11.3,12.9
17/04/2026 18:20,T-02,60.3,4.9,17.5
17/04/2026 18:21,T-10,64.5,6,17.1
17/04/2026 18:22,T-10,59.4,7.3,17.2
17/04/2026 18:23,T-08,66,2.6,17.8
17/04/2026 18:24,T-03,63.7,11.5,16.3
17/04/2026 18:25,T-09,74.9,2.6,15.7
17/04/2026 18:26,T-01,75.2,9.6,14.5
17/04/2026 18:27,T-09,69.9,7.7,18
17/04/2026 18:28,T-02,59.9,7.9,12.8
17/04/2026 18:29,T-03,56.5,4.9,12.8
17/04/2026 18:30,T-05,56,3,13.3
17/04/2026 18:31,T-10,53.8,6.3,13.3
17/04/2026 18:32,T-01,63.5,9.4,17.6
17/04/2026 18:33,T-03,77,5.1,12.9
17/04/2026 18:34,T-10,71.1,4.3,17.5
17/04/2026 18:35,T-08,52.3,9.6,17.8
17/04/2026 18:36,T-09,71.3,9.1,14
17/04/2026 18:37,T-04,93,7.1,15.3
17/04/2026 18:38,T-01,66.1,10.3,17.2
17/04/2026 18:39,T-02,73.2,2.9,15.4
17/04/2026 18:40,T-02,54,6.9,12.9
17/04/2026 18:41,T-07,68.3,20,17.5
17/04/2026 18:42,T-06,52.6,3.9,17.1
17/04/2026 18:43,T-06,72.2,6,13.7
17/04/2026 18:44,T-02,51.2,5.5,17.3
17/04/2026 18:45,T-04,87.1,6.6,12.7
17/04/2026 18:46,T-08,59.3,8.2,15.4
17/04/2026 18:47,T-02,56,2.5,17.5
17/04/2026 18:48,T-10,69.6,2.5,13.9
17/04/2026 18:49,T-03,74,6.3,13.7
17/04/2026 18:50,T-05,79.1,2.5,12.3
17/04/2026 18:51,T-05,65.3,9.9,14.3
17/04/2026 18:52,T-05,51.8,7.4,12.2
17/04/2026 18:53,T-05,79.2,4,14.7
17/04/2026 18:54,T-10,63.1,2.6,17
17/04/2026 18:55,T-08,55.2,6,15.5
17/04/2026 18:56,T-09,62.8,3.2,17.2
17/04/2026 18:57,T-08,54.4,12,15.7
17/04/2026 18:58,T-09,55.2,4,13.8
17/04/2026 18:59,T-05,50.8,12,16.5
17/04/2026 19:00,T-07,63.6,19.7,17.5
17/04/2026 19:01,T-01,53.3,7.4,16
17/04/2026 19:02,T-08,69.4,4.9,15.7
17/04/2026 19:03,T-05,54.7,8,13.4
17/04/2026 19:04,T-08,54.4,4.8,14.3
17/04/2026 19:05,T-05,56.4,3.6,13.3
17/04/2026 19:06,T-02,76.4,9.6,12.4
17/04/2026 19:07,T-05,77.1,5,14.6
17/04/2026 19:08,T-05,74.1,10.6,13.2
17/04/2026 19:09,T-06,70.4,9.1,16.3
17/04/2026 19:10,T-04,91.4,9.7,15.5
17/04/2026 19:11,T-09,61.1,4.7,17
17/04/2026 19:12,T-02,74.8,9.4,16.4
17/04/2026 19:13,T-02,64.9,2.7,17.6
17/04/2026 19:14,T-03,55.4,9.8,13.8
17/04/2026 19:15,T-08,55.1,4.9,16.7
17/04/2026 19:16,T-03,72.8,6.1,14.1
17/04/2026 19:17,T-06,55.4,11.8,13.4
17/04/2026 19:18,T-06,75.2,10.6,17.3
17/04/2026 19:19,T-05,62.7,11.7,14.2
17/04/2026 19:20,T-07,64.2,20.4,16.8
17/04/2026 19:21,T-07,60.3,19,14.3
17/04/2026 19:22,T-06,69.1,9.5,15.1
17/04/2026 19:23,T-09,75,5,13.3
17/04/2026 19:24,T-09,53,9.9,15.9
17/04/2026 19:25,T-05,52.1,6.5,15.8
17/04/2026 19:26,T-09,72.1,4.3,13.1
17/04/2026 19:27,T-06,62.2,2.8,15.5
17/04/2026 19:28,T-07,63.1,18.4,12.4
17/04/2026 19:29,T-05,51.1,6.7,13.6
17/04/2026 19:30,T-03,61.3,5.1,17.8
17/04/2026 19:31,T-02,68.6,6.1,17.5
17/04/2026 19:32,T-05,50.6,3.2,12.8
17/04/2026 19:33,T-06,75.6,10.9,17.9
17/04/2026 19:34,T-09,56.7,11.5,13.3
17/04/2026 19:35,T-02,60.9,3.7,17.2
17/04/2026 19:36,T-02,76,8,16
17/04/2026 19:37,T-10,75.9,8.4,14.8
17/04/2026 19:38,T-04,90.8,8.4,13.1
17/04/2026 19:39,T-05,65.7,8.7,17.2
17/04/2026 19:40,T-08,64.1,8.4,16.4
17/04/2026 19:41,T-06,70.8,5.8,16
17/04/2026 19:42,T-05,71.5,4.2,14
17/04/2026 19:43,T-09,61.7,5.9,13.7
17/04/2026 19:44,T-07,60.1,16,14.2
17/04/2026 19:45,T-08,58.8,10.5,17.1
17/04/2026 19:46,T-04,89.6,5.2,12.3
17/04/2026 19:47,T-03,71.4,8.3,13.9
17/04/2026 19:48,T-08,51.5,3.3,13.3
17/04/2026 19:49,T-04,92.1,6.9,12.2
17/04/2026 19:50,T-07,67.3,16.1,17.9
17/04/2026 19:51,T-07,70.1,20.6,12.3
17/04/2026 19:52,T-01,64.1,3.2,17.2
17/04/2026 19:53,T-02,63,7,16.9
17/04/2026 19:54,T-10,50.4,7,14.9
17/04/2026 19:55,T-06,65.4,5.6,13.8
17/04/2026 19:56,T-04,89.2,7,13.9
17/04/2026 19:57,T-01,69,3.7,15.9
17/04/2026 19:58,T-10,65.7,8.8,14.9
17/04/2026 19:59,T-03,62.9,6.2,16.4
17/04/2026 20:00,T-07,64.6,23.8,16.4
17/04/2026 20:01,T-10,54.3,4.2,13.6
17/04/2026 20:02,T-03,79.4,5,15
17/04/2026 20:03,T-08,63.9,10,13.6
17/04/2026 20:04,T-08,66.3,9.8,13.6
17/04/2026 20:05,T-05,59.8,2.8,13
17/04/2026 20:06,T-06,74.7,3.3,17.8
17/04/2026 20:07,T-01,69.6,7.6,13
17/04/2026 20:08,T-09,75.9,11.3,17.4
17/04/2026 20:09,T-04,93.8,6.3,17.6
17/04/2026 20:10,T-10,54.7,7.7,12.3
17/04/2026 20:11,T-06,52.3,4,16.5
17/04/2026 20:12,T-06,63,2.8,15.9
17/04/2026 20:13,T-04,87.2,7.6,14.3
17/04/2026 20:14,T-02,50.4,2.6,14.9
17/04/2026 20:15,T-04,92.5,7.2,16.3
17/04/2026 20:16,T-02,53.4,7,13.7
17/04/2026 20:17,T-07,61.1,24.7,15.4
17/04/2026 20:18,T-06,55.5,7.7,12.7
17/04/2026 20:19,T-07,73.7,23,13.3
17/04/2026 20:20,T-02,66.2,5,13.9
17/04/2026 20:21,T-02,74.7,4.7,16.5
17/04/2026 20:22,T-06,55.5,2.8,17.8
17/04/2026 20:23,T-09,60.7,2.1,13.8
17/04/2026 20:24,T-04,86.5,5.5,14.9
17/04/2026 20:25,T-10,60.7,7.4,16.3
17/04/2026 20:26,T-01,76.8,9.1,12.3
17/04/2026 20:27,T-05,73.6,8.9,13.6
17/04/2026 20:28,T-06,75.1,10.3,13.9
17/04/2026 20:29,T-06,69.7,4.4,13.2
17/04/2026 20:30,T-09,59.5,11.9,13.9
17/04/2026 20:31,T-08,77.3,9.6,17.8
17/04/2026 20:32,T-06,51.9,10.4,13.1
17/04/2026 20:33,T-08,76.2,9.7,15
17/04/2026 20:34,T-02,67.8,9.8,15.7
17/04/2026 20:35,T-04,93.9,5.8,12.9
17/04/2026 20:36,T-08,65.2,10.8,12.9
17/04/2026 20:37,T-10,55.6,3.6,15.1
17/04/2026 20:38,T-08,78.4,5.3,14.3
17/04/2026 20:39,T-07,62.8,19.2,14.3
17/04/2026 20:40,T-06,58.8,5.4,12.5
17/04/2026 20:41,T-05,76.1,8.2,14.7
17/04/2026 20:42,T-08,58.8,2.5,16.3
17/04/2026 20:43,T-07,74.9,16.6,13.4
17/04/2026 20:44,T-05,52.1,9.2,12.9
17/04/2026 20:45,T-02,72,4.7,13.2
17/04/2026 20:46,T-06,62.5,10,16.9
17/04/2026 20:47,T-09,57.3,7.5,17.9
17/04/2026 20:48,T-05,68.9,9.2,12.7
17/04/2026 20:49,T-03,78.4,10,14.8
17/04/2026 20:50,T-03,77,5.6,15.1
17/04/2026 20:51,T-09,72.3,7.3,12.2
17/04/2026 20:52,T-10,53.1,3.8,17.4
17/04/2026 20:53,T-02,65.1,9.6,13
17/04/2026 20:54,T-06,62.3,9.1,13.7
17/04/2026 20:55,T-07,73.4,17.3,13.2
17/04/2026 20:56,T-10,66.7,3.5,13.7
17/04/2026 20:57,T-07,63.7,16.4,14.9
17/04/2026 20:58,T-03,54.8,6.8,12.5
17/04/2026 20:59,T-10,60.1,8.3,13.1
17/04/2026 21:00,T-10,68.7,9,14.6
17/04/2026 21:01,T-07,63.7,23.3,15.6
17/04/2026 21:02,T-02,53.3,5.8,17.5
17/04/2026 21:03,T-10,69.5,6.2,12.2
17/04/2026 21:04,T-10,75.1,5.6,14.2
17/04/2026 21:05,T-06,61.2,9.7,15.4
17/04/2026 21:06,T-01,50.1,3.9,13.5
17/04/2026 21:07,T-03,75.6,4.1,12.8
17/04/2026 21:08,T-05,71.1,10.6,12.3
17/04/2026 21:09,T-10,62.4,2.6,16.3
17/04/2026 21:10,T-01,78.4,2,15.8
17/04/2026 21:11,T-03,59.5,7.1,13.7
17/04/2026 21:12,T-03,55.9,7.1,15.1
17/04/2026 21:13,T-03,56.9,8.9,15.8
17/04/2026 21:14,T-09,73.7,9.3,12.6
17/04/2026 21:15,T-04,90.3,9.2,12.9
17/04/2026 21:16,T-01,52.9,9.8,16.2
17/04/2026 21:17,T-10,63.6,2.4,13.6
17/04/2026 21:18,T-02,74.4,10.8,15.8
17/04/2026 21:19,T-10,59.8,7.9,15.1
17/04/2026 21:20,T-09,78.7,10.1,17
17/04/2026 21:21,T-04,86.7,8.9,17.4
17/04/2026 21:22,T-10,75.1,6.8,15.2
17/04/2026 21:23,T-01,59.3,6.6,13.7
17/04/2026 21:24,T-08,62.8,2.6,17
17/04/2026 21:25,T-02,64.9,8.4,13.1
17/04/2026 21:26,T-09,73.1,10.7,13.3
17/04/2026 21:27,T-07,62,16.1,12.8
17/04/2026 21:28,T-06,71.1,3,12.5
17/04/2026 21:29,T-06,79.3,5.2,16.6
17/04/2026 21:30,T-09,69.5,2.8,14.8
17/04/2026 21:31,T-09,61.7,5.2,13.5
17/04/2026 21:32,T-08,62.2,4.9,14.1
17/04/2026 21:33,T-07,69.3,17.9,13.1
17/04/2026 21:34,T-10,53.1,8.1,13.4
17/04/2026 21:35,T-08,53.9,4.8,16.3
17/04/2026 21:36,T-07,68.1,16.6,14.6
17/04/2026 21:37,T-02,70.5,2.7,13.3
17/04/2026 21:38,T-06,76.3,2.3,14.3
17/04/2026 21:39,T-01,57.9,6.3,16.7
17/04/2026 21:40,T-06,60.4,8.8,13.3
17/04/2026 21:41,T-02,55.1,3.3,15.7
17/04/2026 21:42,T-08,68,9.5,12.4
17/04/2026 21:43,T-09,63.1,6.6,15.7
17/04/2026 21:44,T-04,91.5,9.3,13.8
17/04/2026 21:45,T-09,65.8,6,13.8
17/04/2026 21:46,T-06,66.7,8.6,12.2
17/04/2026 21:47,T-05,73.1,10.8,16.6
17/04/2026 21:48,T-03,64.9,11,17.9
17/04/2026 21:49,T-06,71.4,10.3,17.4
17/04/2026 21:50,T-03,66.3,6,12.3
17/04/2026 21:51,T-07,62.2,17,15.3
17/04/2026 21:52,T-04,94,5.2,12.4
17/04/2026 21:53,T-04,91,6.9,12.2
17/04/2026 21:54,T-09,60.3,7.9,15.3
17/04/2026 21:55,T-01,64,2.6,12.2
17/04/2026 21:56,T-09,71.5,10.9,16.7
17/04/2026 21:57,T-03,65.3,11.5,16.6
17/04/2026 21:58,T-09,78.4,5.9,16.9
17/04/2026 21:59,T-01,73.5,7.7,13.5
17/04/2026 22:00,T-06,75.5,6.6,12.9
17/04/2026 22:01,T-04,93.8,7.8,17.8
17/04/2026 22:02,T-09,52.7,9.9,14.3
17/04/2026 22:03,T-03,75.6,7.5,15.8
17/04/2026 22:04,T-03,69.7,2.7,14.1
17/04/2026 22:05,T-07,62.3,23,14.7
17/04/2026 22:06,T-05,66.3,7.2,17.7
17/04/2026 22:07,T-02,53.6,8,12.7
17/04/2026 22:08,T-01,53.5,7.4,16.2
17/04/2026 22:09,T-10,78.8,11.6,12.4
17/04/2026 22:10,T-01,63,2.6,16.1
17/04/2026 22:11,T-06,54.5,6,15.6
17/04/2026 22:12,T-02,57,2.3,15.2
17/04/2026 22:13,T-06,62.4,10.2,16.4
17/04/2026 22:14,T-01,52.4,7.5,15.9
17/04/2026 22:15,T-07,62.3,20.7,16.6
17/04/2026 22:16,T-07,72.2,22.3,17.6
17/04/2026 22:17,T-02,71.2,7.1,13.6
17/04/2026 22:18,T-05,78.2,6.6,15.6
17/04/2026 22:19,T-07,69.4,20.9,17.8
17/04/2026 22:20,T-01,75.4,4.4,14.1
17/04/2026 22:21,T-04,86.2,9.2,17.3
17/04/2026 22:22,T-01,55.1,9.6,12.7
17/04/2026 22:23,T-03,72.1,4.1,17.8
17/04/2026 22:24,T-04,91.9,6.6,14.5
17/04/2026 22:25,T-03,63.8,4.1,13.5
17/04/2026 22:26,T-05,57.8,9.4,17.6
17/04/2026 22:27,T-01,60.3,2.9,15
17/04/2026 22:28,T-09,70.2,6.3,17.2
17/04/2026 22:29,T-03,71.3,10.7,16.8
17/04/2026 22:30,T-09,68.9,5.4,18
17/04/2026 22:31,T-06,71.6,11.8,13
17/04/2026 22:32,T-10,69.7,2.5,17.5
17/04/2026 22:33,T-02,57.6,6.2,16.6
17/04/2026 22:34,T-08,75.9,7.8,13.3
17/04/2026 22:35,T-02,62.6,10.4,17.4
17/04/2026 22:36,T-01,54.2,7.2,13.6
17/04/2026 22:37,T-10,64.3,6,14.6
17/04/2026 22:38,T-03,68.6,5.9,14.6
17/04/2026 22:39,T-06,65.2,10.9,15.4
17/04/2026 22:40,T-02,63.9,11.4,16.1
17/04/2026 22:41,T-07,72.9,23.3,14.4
17/04/2026 22:42,T-08,64.7,5.5,17.9
17/04/2026 22:43,T-07,62.5,25,14.6
17/04/2026 22:44,T-08,60.7,9.8,15.6
17/04/2026 22:45,T-06,57.6,10.8,16.5
17/04/2026 22:46,T-05,68,5.9,16.2
17/04/2026 22:47,T-05,51.9,6.1,14.1
17/04/2026 22:48,T-06,64.3,4.5,17.7
17/04/2026 22:49,T-10,51.7,11.6,12.9
17/04/2026 22:50,T-03,53.9,7,17.1
17/04/2026 22:51,T-10,53.2,2.5,15.6
17/04/2026 22:52,T-06,64.6,9.3,12.1
17/04/2026 22:53,T-02,60.1,2.6,16.2
17/04/2026 22:54,T-08,74.1,6.1,14.9
17/04/2026 22:55,T-08,72.2,7.8,17.4
17/04/2026 22:56,T-04,91.2,5.7,13
17/04/2026 22:57,T-01,56.2,8.3,12.2
17/04/2026 22:58,T-09,67.6,3.1,17
17/04/2026 22:59,T-07,68.8,24.5,15.9
17/04/2026 23:00,T-10,53.4,7,15.6
17/04/2026 23:01,T-03,58.9,7.9,15.6
17/04/2026 23:02,T-10,69.9,8,14.7
17/04/2026 23:03,T-10,65.5,7.6,15.6
17/04/2026 23:04,T-10,69.6,9.8,16.7
17/04/2026 23:05,T-03,72.3,2.6,15.2
17/04/2026 23:06,T-06,79.7,11.1,14.2
17/04/2026 23:07,T-02,59.2,9.8,17.2
17/04/2026 23:08,T-04,91.9,6.8,13.7
17/04/2026 23:09,T-10,53.8,8.2,17.2
17/04/2026 23:10,T-04,92.5,5.1,14.5
17/04/2026 23:11,T-05,69.6,9.2,16
17/04/2026 23:12,T-02,50.2,11.8,13.6
17/04/2026 23:13,T-01,65,11.3,13.5
17/04/2026 23:14,T-05,51.1,2.5,13.3
17/04/2026 23:15,T-06,77.6,5.2,16.8
17/04/2026 23:16,T-02,51.8,4.4,12.8
17/04/2026 23:17,T-06,54.8,4.5,16.2
17/04/2026 23:18,T-05,68.1,5.4,16.3
17/04/2026 23:19,T-06,62.9,4,13.1
17/04/2026 23:20,T-04,86.3,5.7,16.4
17/04/2026 23:21,T-06,58.4,11.3,13.5
17/04/2026 23:22,T-02,50.3,8.7,12.2
17/04/2026 23:23,T-09,74.3,4.6,12.6
17/04/2026 23:24,T-04,89,8.5,14.8
17/04/2026 23:25,T-08,53.1,11.6,12.4
17/04/2026 23:26,T-09,50.3,3.8,12.8
17/04/2026 23:27,T-03,76.9,7.5,16.7
17/04/2026 23:28,T-02,60.8,9.7,16.2
17/04/2026 23:29,T-02,55.1,2.6,16.1
17/04/2026 23:30,T-08,64.3,9.9,17.9
17/04/2026 23:31,T-10,70.8,2,12.7
17/04/2026 23:32,T-03,52.1,11.4,13.3
17/04/2026 23:33,T-05,55.7,7,13.4
17/04/2026 23:34,T-09,75.9,2.6,14.4
17/04/2026 23:35,T-03,76.5,2.4,12.4
17/04/2026 23:36,T-07,65.2,16.7,17.9
17/04/2026 23:37,T-05,60.7,4.7,16
17/04/2026 23:38,T-02,79.4,3.4,12.2
17/04/2026 23:39,T-10,55.2,11.4,12.7
17/04/2026 23:40,T-01,62.8,4.2,12.5
17/04/2026 23:41,T-03,71,8.2,14
17/04/2026 23:42,T-05,71.3,2.6,15.9
17/04/2026 23:43,T-03,67.7,10.6,18
17/04/2026 23:44,T-06,58,4.1,16.9
17/04/2026 23:45,T-03,61.9,3.1,17.2
17/04/2026 23:46,T-08,70.5,10,13.1
17/04/2026 23:47,T-03,66.9,5.5,15.2
17/04/2026 23:48,T-04,94.6,7.4,13
17/04/2026 23:49,T-01,57.9,4.4,15
17/04/2026 23:50,T-03,64.5,8.5,16.1
17/04/2026 23:51,T-08,64,3,16.5
17/04/2026 23:52,T-04,95,9.5,15.1
17/04/2026 23:53,T-04,94.3,9,17.2
17/04/2026 23:54,T-05,77.9,11.8,12.6
17/04/2026 23:55,T-06,78.1,8.9,12.7
17/04/2026 23:56,T-04,88.2,8.5,14.8
17/04/2026 23:57,T-04,89.2,7.7,15.9
17/04/2026 23:58,T-02,54.6,9,15.4
17/04/2026 23:59,T-03,55.8,5.6,13.8
18/04/2026 00:00,T-10,69.7,7.2,13.2
18/04/2026 00:01,T-08,55,9.9,12.1
18/04/2026 00:02,T-07,66.3,24.5,15.9
18/04/2026 00:03,T-08,72,2.1,15.1
18/04/2026 00:04,T-08,50.5,5.2,14.6
18/04/2026 00:05,T-01,79.6,4.1,14.3
18/04/2026 00:06,T-03,62.6,7.3,14.6
18/04/2026 00:07,T-03,50.7,8.6,13.2
18/04/2026 00:08,T-02,79.6,11.5,12.1
18/04/2026 00:09,T-10,72.6,2.7,12.5
18/04/2026 00:10,T-05,56.5,3.4,13
18/04/2026 00:11,T-09,53.1,4.6,13.3
18/04/2026 00:12,T-08,79.2,6.9,13.4
18/04/2026 00:13,T-09,74.6,11.1,13.4
18/04/2026 00:14,T-08,72.4,7.6,13.5
18/04/2026 00:15,T-05,56.7,3.4,12.5
18/04/2026 00:16,T-04,91.4,7.8,16.7
18/04/2026 00:17,T-06,62,2.2,12.5
18/04/2026 00:18,T-03,69,8.6,13
18/04/2026 00:19,T-05,68.7,4.2,13.8
18/04/2026 00:20,T-09,51.9,9,15.7
18/04/2026 00:21,T-03,59,3.5,17.8
18/04/2026 00:22,T-07,69.9,20,13.9
18/04/2026 00:23,T-01,56.7,11.2,13.4
18/04/2026 00:24,T-03,64.7,10.5,17.4
18/04/2026 00:25,T-04,89.3,8.5,17.4
18/04/2026 00:26,T-05,60.4,7.6,16.7
18/04/2026 00:27,T-03,65.8,2.7,12.6
18/04/2026 00:28,T-01,61.6,10.8,17.8
18/04/2026 00:29,T-02,56.7,9.8,16.7
18/04/2026 00:30,T-02,64.9,2.7,14.4
18/04/2026 00:31,T-01,51.7,4.9,12.4
18/04/2026 00:32,T-05,76.9,4,14.5
18/04/2026 00:33,T-01,70.8,10.3,17
18/04/2026 00:34,T-10,67.6,4.8,16.4
18/04/2026 00:35,T-02,55.8,2.7,17.3
18/04/2026 00:36,T-05,60.6,8.5,15.3
18/04/2026 00:37,T-03,57.2,7,13.8
18/04/2026 00:38,T-10,66.3,10.8,12.5
18/04/2026 00:39,T-02,51.8,11.7,12.9
18/04/2026 00:40,T-05,71.6,12,12
18/04/2026 00:41,T-03,56.3,9.7,14
18/04/2026 00:42,T-01,69.1,9.4,15.5
18/04/2026 00:43,T-07,63.3,18,15.1
18/04/2026 00:44,T-02,62.5,7.7,14
18/04/2026 00:45,T-01,79.1,2.2,12.5
18/04/2026 00:46,T-10,64.1,4.4,16.2
18/04/2026 00:47,T-09,54.8,11.2,14.4
18/04/2026 00:48,T-08,62.4,2.2,14.3
18/04/2026 00:49,T-02,73,2.8,12.3
18/04/2026 00:50,T-03,72.8,2.6,15.5
18/04/2026 00:51,T-03,54,2.2,14.4
18/04/2026 00:52,T-04,87.9,9.1,15.8
18/04/2026 00:53,T-02,55.5,4,16.8
18/04/2026 00:54,T-01,54.9,8.6,14.8
18/04/2026 00:55,T-05,71.7,3.5,14.4
18/04/2026 00:56,T-07,68.4,19.4,15.5
18/04/2026 00:57,T-08,64.9,6.4,13.7
18/04/2026 00:58,T-09,52.2,10,14.5
18/04/2026 00:59,T-01,56.7,3.3,17.7
18/04/2026 01:00,T-08,60.5,8.3,15.9
18/04/2026 01:01,T-04,86.5,5.3,17.9
18/04/2026 01:02,T-10,71.5,6.1,14.4
18/04/2026 01:03,T-01,77.6,8.9,17.3
18/04/2026 01:04,T-02,76.5,11.3,16.4
18/04/2026 01:05,T-08,65.3,2.4,12.9
18/04/2026 01:06,T-09,57,11.9,15.8
18/04/2026 01:07,T-04,88.8,8.6,17.7
18/04/2026 01:08,T-09,63.8,2.1,15.2
18/04/2026 01:09,T-02,58.7,5.3,12
18/04/2026 01:10,T-05,52,3.5,15.8
18/04/2026 01:11,T-08,54.4,3.6,15.6
18/04/2026 01:12,T-09,72.2,4.5,12.7
18/04/2026 01:13,T-08,78.4,3.9,16.3
18/04/2026 01:14,T-07,66.9,19.5,15.7
18/04/2026 01:15,T-09,64.5,10.1,17
18/04/2026 01:16,T-05,78.5,9.4,15.4
18/04/2026 01:17,T-05,74.5,11.7,12.7
18/04/2026 01:18,T-10,52,7.9,14.5
18/04/2026 01:19,T-07,72.8,22.8,16.6
18/04/2026 01:20,T-06,71.4,12,15.3
18/04/2026 01:21,T-03,55.8,11.9,16.8
18/04/2026 01:22,T-02,60.3,6.1,16.8
18/04/2026 01:23,T-06,77.4,8,14.9
18/04/2026 01:24,T-01,75.2,10.2,16.6
18/04/2026 01:25,T-08,77.3,8.3,17.1
18/04/2026 01:26,T-01,77.2,10.6,15.2
18/04/2026 01:27,T-09,57.7,4.1,15.4
18/04/2026 01:28,T-07,64.5,24.5,15.3
18/04/2026 01:29,T-03,59.9,10.1,16.5
18/04/2026 01:30,T-05,60.2,5.7,17
18/04/2026 01:31,T-09,58.5,4.5,14
18/04/2026 01:32,T-08,77,2.5,14.9
18/04/2026 01:33,T-04,91.3,9,17.1
18/04/2026 01:34,T-07,69.7,23.6,17.8
18/04/2026 01:35,T-06,76,7.3,15.6
18/04/2026 01:36,T-08,59.4,3.5,12
18/04/2026 01:37,T-01,66.3,2.9,12
18/04/2026 01:38,T-10,50.1,11.1,17.2
18/04/2026 01:39,T-10,51.2,10.8,13.6
18/04/2026 01:40,T-10,54,4.9,17.6
18/04/2026 01:41,T-09,65.6,7.2,15.4
18/04/2026 01:42,T-07,74.9,22.2,17.9
18/04/2026 01:43,T-08,79,11.1,15.4
18/04/2026 01:44,T-09,57.6,8.4,12.3
18/04/2026 01:45,T-07,74.7,21.5,16.7
18/04/2026 01:46,T-07,61.4,22.2,14.8
18/04/2026 01:47,T-09,52,11.9,12.8
18/04/2026 01:48,T-10,62.9,3.6,14.4
18/04/2026 01:49,T-06,74.4,7.1,13.9
18/04/2026 01:50,T-05,71.6,5.4,12.5
18/04/2026 01:51,T-04,90.9,9.7,13.6
18/04/2026 01:52,T-01,60,7.6,14.6
18/04/2026 01:53,T-06,72.3,4.8,14.9
18/04/2026 01:54,T-06,56.9,11.4,16.9
18/04/2026 01:55,T-01,77.5,4.7,15.8
18/04/2026 01:56,T-10,75.8,7.1,13.2
18/04/2026 01:57,T-08,75.1,2.6,14.5
18/04/2026 01:58,T-10,66,8.9,16.2
18/04/2026 01:59,T-04,94.1,6.2,16.5
18/04/2026 02:00,T-04,93.9,7,17.8
18/04/2026 02:01,T-01,69,6.5,12.8
18/04/2026 02:02,T-05,57.5,5.8,15.4
18/04/2026 02:03,T-04,93.8,7.1,14
18/04/2026 02:04,T-06,78.2,9.8,13.7
18/04/2026 02:05,T-09,55,8,14.3
18/04/2026 02:06,T-07,69.7,16.4,16.6
18/04/2026 02:07,T-05,73.6,9.3,15.8
18/04/2026 02:08,T-02,78.6,6.8,17.5
18/04/2026 02:09,T-01,62.8,5.4,14.5
18/04/2026 02:10,T-08,63.8,8.7,14.1
18/04/2026 02:11,T-07,64.9,22.4,16.5
18/04/2026 02:12,T-06,78.1,6.6,15.4
18/04/2026 02:13,T-02,54,11.6,17.2
18/04/2026 02:14,T-02,57,3.8,13.1
18/04/2026 02:15,T-03,64.7,3.9,13.8
18/04/2026 02:16,T-05,59,4.3,13.5
18/04/2026 02:17,T-09,59.2,8.3,15
18/04/2026 02:18,T-05,75,3.5,12.5
18/04/2026 02:19,T-02,69.8,2.1,13.6
18/04/2026 02:20,T-10,73.5,2.9,14.4
18/04/2026 02:21,T-09,68.1,6.3,12.9
18/04/2026 02:22,T-08,58.9,9.4,12.2
18/04/2026 02:23,T-08,73.1,8,13.2
18/04/2026 02:24,T-05,51,4.1,14.9
18/04/2026 02:25,T-06,65.3,2.3,12.5
18/04/2026 02:26,T-07,73.9,22.7,12.6
18/04/2026 02:27,T-01,79.3,10.7,15.6
18/04/2026 02:28,T-05,64.4,11.7,13.6
18/04/2026 02:29,T-06,52.7,11.7,17.4
18/04/2026 02:30,T-10,58.3,11,15
18/04/2026 02:31,T-04,86,8.8,16.4
18/04/2026 02:32,T-04,90.5,9.1,13.9
18/04/2026 02:33,T-09,68.2,2.2,17.2
18/04/2026 02:34,T-09,73,4.2,13.8
18/04/2026 02:35,T-07,65.1,22.4,17.6
18/04/2026 02:36,T-10,66.1,3.4,15.9
18/04/2026 02:37,T-10,69.8,7,12.7
18/04/2026 02:38,T-01,64.6,10.2,16.2
18/04/2026 02:39,T-08,71.1,7.3,12.1
18/04/2026 02:40,T-02,67.1,8.6,15.5
18/04/2026 02:41,T-09,78.6,9.2,14.7
18/04/2026 02:42,T-09,63.7,9.9,17
18/04/2026 02:43,T-04,94.1,6.2,12.8
18/04/2026 02:44,T-02,50.1,9.8,12.1
18/04/2026 02:45,T-01,52.1,7.3,17.6
18/04/2026 02:46,T-01,61.9,4.1,17.2
18/04/2026 02:47,T-04,94.2,8.1,14.7
18/04/2026 02:48,T-05,52.1,5.7,17.5
18/04/2026 02:49,T-07,60.6,22.8,13.8
18/04/2026 02:50,T-09,75.5,8.7,12.1
18/04/2026 02:51,T-03,78.9,5.8,12.6
18/04/2026 02:52,T-01,62.9,10.5,16.8
18/04/2026 02:53,T-06,53.4,8.9,15.8
18/04/2026 02:54,T-10,60.6,6.8,13
18/04/2026 02:55,T-09,65.5,6.8,12.3
18/04/2026 02:56,T-03,64,9.3,17.9
18/04/2026 02:57,T-05,67.7,7.9,14.6
18/04/2026 02:58,T-01,76.6,8.7,13.6
18/04/2026 02:59,T-07,66.9,17.8,17
18/04/2026 03:00,T-08,61.3,3.1,15.1
18/04/2026 03:01,T-03,67.2,2.2,16.3
18/04/2026 03:02,T-10,50.7,9.3,17.3
18/04/2026 03:03,T-02,61.8,9.2,15.6
18/04/2026 03:04,T-08,73,7.1,12.6
18/04/2026 03:05,T-05,72.3,6.6,18
18/04/2026 03:06,T-02,71.4,7.1,16.2
18/04/2026 03:07,T-05,79.4,5,12.8
18/04/2026 03:08,T-07,68.8,16.1,17.1
18/04/2026 03:09,T-05,53.2,2.4,18
18/04/2026 03:10,T-10,69.4,8.3,14.6
18/04/2026 03:11,T-06,56.6,9.6,12.7
18/04/2026 03:12,T-10,60.4,6.3,12.6
18/04/2026 03:13,T-06,58.7,10.7,13.8
18/04/2026 03:14,T-05,53,10.6,16.5
18/04/2026 03:15,T-10,69.3,7.7,16
18/04/2026 03:16,T-07,62.1,20.2,14.9
18/04/2026 03:17,T-04,87.6,9.7,16.4
18/04/2026 03:18,T-03,75.6,11.7,17
18/04/2026 03:19,T-06,56.6,2.1,14.4
18/04/2026 03:20,T-06,54.9,4.2,14.8
18/04/2026 03:21,T-08,67.6,5.8,13.3
18/04/2026 03:22,T-01,72.1,7.3,16.8
18/04/2026 03:23,T-06,59.8,4.3,16.4
18/04/2026 03:24,T-06,76.5,2.2,15.2
18/04/2026 03:25,T-03,70.4,11.8,15.7
18/04/2026 03:26,T-03,54.9,9.5,16.7
18/04/2026 03:27,T-01,50.8,6.5,16.4
18/04/2026 03:28,T-09,69.6,7.3,16.5
18/04/2026 03:29,T-08,63.5,10.8,16.1
18/04/2026 03:30,T-10,74.7,4.6,17.9
18/04/2026 03:31,T-10,75,4.1,17.9
18/04/2026 03:32,T-07,73.6,17.4,13
18/04/2026 03:33,T-02,71.9,8.1,15.1
18/04/2026 03:34,T-07,68.2,16.5,12.4
18/04/2026 03:35,T-09,68.4,5.7,17.7
18/04/2026 03:36,T-05,63.8,7.8,12.5
18/04/2026 03:37,T-08,56,3.8,16.8
18/04/2026 03:38,T-04,89.8,9,13.5
18/04/2026 03:39,T-08,68.9,2.3,16.4
18/04/2026 03:40,T-05,71.4,3.6,16
18/04/2026 03:41,T-06,68.9,10.4,15.3
18/04/2026 03:42,T-10,59,5.5,13.4
18/04/2026 03:43,T-09,71.8,9,13.6
18/04/2026 03:44,T-01,74.9,9.8,12.9
18/04/2026 03:45,T-08,53.3,4,17.3
18/04/2026 03:46,T-01,56.6,6.8,12.8
18/04/2026 03:47,T-04,91.9,7.4,15.7
18/04/2026 03:48,T-01,60.5,11,16.7
18/04/2026 03:49,T-03,53.7,8,15.3
18/04/2026 03:50,T-02,72.9,3.1,17.6
18/04/2026 03:51,T-07,67.3,18,12.1
18/04/2026 03:52,T-02,77,12,16.4
18/04/2026 03:53,T-03,76.5,6.9,17.2
18/04/2026 03:54,T-10,73.3,10.5,13.6
18/04/2026 03:55,T-09,78.8,9,16
18/04/2026 03:56,T-02,60,5.2,14.9
18/04/2026 03:57,T-06,56.2,5.9,12.9
18/04/2026 03:58,T-04,87.5,8.3,16.4
18/04/2026 03:59,T-08,74.6,9.3,15.9
18/04/2026 04:00,T-08,77.7,9.8,13.8
18/04/2026 04:01,T-05,56.7,8.8,13.9
18/04/2026 04:02,T-02,65.2,10.5,12.1
18/04/2026 04:03,T-04,87.2,6.6,14.6
18/04/2026 04:04,T-04,92.2,7.7,14.1
18/04/2026 04:05,T-08,71.8,11.1,14
18/04/2026 04:06,T-06,66.1,6.3,12
18/04/2026 04:07,T-10,70.3,4.7,12.8
18/04/2026 04:08,T-06,63.4,9.3,15.2
18/04/2026 04:09,T-08,73.6,10,12.3
18/04/2026 04:10,T-01,79.8,4.9,13.6
18/04/2026 04:11,T-05,57.3,3.9,13.3
18/04/2026 04:12,T-05,76.5,4.3,16.7
18/04/2026 04:13,T-09,67.6,2.3,12.8
18/04/2026 04:14,T-01,74.2,6.2,14.9
18/04/2026 04:15,T-01,60.2,5.4,13.5
18/04/2026 04:16,T-04,93.3,5,16.4
18/04/2026 04:17,T-05,64.5,8.9,17.8
18/04/2026 04:18,T-04,91.2,8.5,17.1
18/04/2026 04:19,T-10,76.5,7,16.4
18/04/2026 04:20,T-02,76.4,9.2,12
18/04/2026 04:21,T-08,61.5,9.9,16.4
18/04/2026 04:22,T-01,76.9,3.7,14.7
18/04/2026 04:23,T-02,62.1,3.6,16.4
18/04/2026 04:24,T-08,75.2,3.5,17.2
18/04/2026 04:25,T-08,60.1,6.2,17
18/04/2026 04:26,T-08,59.6,7.1,15.8
18/04/2026 04:27,T-06,78.8,11.5,16.2
18/04/2026 04:28,T-02,61.7,7.4,13.4
18/04/2026 04:29,T-02,63.1,11.8,17.2
18/04/2026 04:30,T-04,93.1,5.4,15.6
18/04/2026 04:31,T-03,58.3,10.7,14.7
18/04/2026 04:32,T-05,79.9,4.1,17
18/04/2026 04:33,T-06,75.3,3.8,12.6
18/04/2026 04:34,T-10,54.9,5.9,13.2
18/04/2026 04:35,T-10,78.3,2.8,14
18/04/2026 04:36,T-01,55.3,7.6,14.3
18/04/2026 04:37,T-09,68.2,9.6,13.9
18/04/2026 04:38,T-02,60,9.3,14.4
18/04/2026 04:39,T-06,52.3,2.5,14.4
18/04/2026 04:40,T-07,61.3,19.3,15.2
18/04/2026 04:41,T-02,68.8,3.3,14.5
18/04/2026 04:42,T-06,51.3,5.7,15
18/04/2026 04:43,T-09,51.6,12,15.4
18/04/2026 04:44,T-01,75.5,6.3,17.9
18/04/2026 04:45,T-04,88.8,9.1,12
18/04/2026 04:46,T-09,75.7,4.9,12.3
18/04/2026 04:47,T-08,69.3,6.5,16.6
18/04/2026 04:48,T-01,57.5,10,16.3
18/04/2026 04:49,T-07,73.5,19.7,16.1
18/04/2026 04:50,T-01,67.5,8.8,16.7
18/04/2026 04:51,T-08,53.6,11.1,17.3
18/04/2026 04:52,T-04,87.7,7.4,14
18/04/2026 04:53,T-07,68.5,19.1,17.4
18/04/2026 04:54,T-01,55.3,2.5,17.1
18/04/2026 04:55,T-04,88.3,7.7,12.6
18/04/2026 04:56,T-05,60.6,5.1,17.8
18/04/2026 04:57,T-04,91.7,7,15.7
18/04/2026 04:58,T-03,68.6,5.6,15.2
18/04/2026 04:59,T-06,64,2.1,12.1
18/04/2026 05:00,T-09,65.5,12,15.3
18/04/2026 05:01,T-04,93.6,6.7,15
18/04/2026 05:02,T-05,51.1,4.9,12.5
18/04/2026 05:03,T-07,62.1,24.6,15.1
18/04/2026 05:04,T-09,61,9.2,12.3
18/04/2026 05:05,T-08,75.3,6.3,17
18/04/2026 05:06,T-05,78.2,7.1,15.8
18/04/2026 05:07,T-02,59.7,11.4,17.5
18/04/2026 05:08,T-10,50.8,2.8,16.2
18/04/2026 05:09,T-09,57.4,3.2,17.1
18/04/2026 05:10,T-07,61.6,16.9,13
18/04/2026 05:11,T-07,63.5,16.1,16.7
18/04/2026 05:12,T-06,64.9,9.8,14.8
18/04/2026 05:13,T-10,72.9,11.7,12.4
18/04/2026 05:14,T-06,67.6,2.9,14.4
18/04/2026 05:15,T-06,77.7,8,15.6
18/04/2026 05:16,T-09,61.8,5.7,16.9
18/04/2026 05:17,T-04,94.6,7.3,16.9
18/04/2026 05:18,T-02,62.6,7.8,13.7
18/04/2026 05:19,T-08,59.9,4.5,12.7
18/04/2026 05:20,T-08,72.2,2.2,12.3
18/04/2026 05:21,T-06,77.9,7.5,12.7
18/04/2026 05:22,T-09,78.8,2.5,16.8
18/04/2026 05:23,T-09,77.7,6.3,14.7
18/04/2026 05:24,T-03,51.8,3.2,14.2
18/04/2026 05:25,T-08,66.2,11.7,16.8
18/04/2026 05:26,T-01,52.7,8.9,17.3
18/04/2026 05:27,T-07,69.8,22.3,13
18/04/2026 05:28,T-10,68.8,3.7,15.9
18/04/2026 05:29,T-03,60.8,11.7,16.6
18/04/2026 05:30,T-07,66.9,23.1,17.4
18/04/2026 05:31,T-10,72,4.6,16.8
18/04/2026 05:32,T-06,75.5,7.6,13.3
18/04/2026 05:33,T-02,62.4,3.7,16.5
18/04/2026 05:34,T-03,61.1,8.3,16.4
18/04/2026 05:35,T-08,69.3,12,17.1
18/04/2026 05:36,T-08,57.5,8,17.8
18/04/2026 05:37,T-05,63.6,9.9,12.2
18/04/2026 05:38,T-08,55.8,3.2,15.3
18/04/2026 05:39,T-03,63.1,3.7,15.4
18/04/2026 05:40,T-10,64,4.2,12.1
18/04/2026 05:41,T-01,74,9.4,16.4
18/04/2026 05:42,T-06,68.4,3,14.1
18/04/2026 05:43,T-10,53.2,5.1,13.5
18/04/2026 05:44,T-06,50.9,10.5,12.9
18/04/2026 05:45,T-03,61.9,3,13.6
18/04/2026 05:46,T-01,71.8,7.5,17.1
18/04/2026 05:47,T-04,91.4,8.5,15.7
18/04/2026 05:48,T-05,60.7,5.7,12.2
18/04/2026 05:49,T-08,66.7,8.3,13.3
18/04/2026 05:50,T-10,61.9,11.3,16.3
18/04/2026 05:51,T-03,71.1,10.5,17.2
18/04/2026 05:52,T-07,69.2,20.4,12.6
18/04/2026 05:53,T-08,65.1,5.4,13.4
18/04/2026 05:54,T-05,57,6.8,13.6
18/04/2026 05:55,T-04,86.1,7.9,15.8
18/04/2026 05:56,T-03,59.3,11.9,14.1
18/04/2026 05:57,T-08,70,6.9,17.7
18/04/2026 05:58,T-07,71.1,22.7,15
18/04/2026 05:59,T-09,76.1,11.7,13.8
18/04/2026 06:00,T-08,76.7,2.4,13.8
18/04/2026 06:01,T-01,79.1,9.8,13.3
18/04/2026 06:02,T-04,92.3,8.9,15.5
18/04/2026 06:03,T-08,65.6,5.5,14
18/04/2026 06:04,T-06,55.1,6.3,16.3
18/04/2026 06:05,T-05,62.5,10.7,12.3
18/04/2026 06:06,T-07,70.3,18.9,16.4
18/04/2026 06:07,T-01,68.1,6.9,15.4
18/04/2026 06:08,T-08,62.7,11,15.3
18/04/2026 06:09,T-01,51.4,5.1,15.5
18/04/2026 06:10,T-01,67.2,2.2,13.4
18/04/2026 06:11,T-09,59.2,3.6,13.5
18/04/2026 06:12,T-09,51.4,4.4,14.2
18/04/2026 06:13,T-05,54.6,11.5,14.5
18/04/2026 06:14,T-04,91.1,7.6,13.8
18/04/2026 06:15,T-01,75.9,5.4,14.7
18/04/2026 06:16,T-08,54.9,7.4,17.5
18/04/2026 06:17,T-06,66.6,10.3,14
18/04/2026 06:18,T-04,94.6,7.8,12.1
18/04/2026 06:19,T-03,76.5,7.3,13.6
18/04/2026 06:20,T-05,60,6.5,12.6
18/04/2026 06:21,T-04,90.9,5.1,13.6
18/04/2026 06:22,T-02,57.2,11.5,16.5
18/04/2026 06:23,T-01,72.5,5.1,16.3
18/04/2026 06:24,T-10,55.5,4.6,13.7
18/04/2026 06:25,T-05,68.4,11,13.8
18/04/2026 06:26,T-08,51.2,7.2,17.3
18/04/2026 06:27,T-06,69.5,4.5,16.8
18/04/2026 06:28,T-07,62.3,22.6,17.3
18/04/2026 06:29,T-10,55,5.2,15.5
18/04/2026 06:30,T-04,94.2,7.8,16
18/04/2026 06:31,T-09,64.5,5.4,12.9
18/04/2026 06:32,T-09,65.9,7.8,16.5
18/04/2026 06:33,T-05,57.3,11.5,16.3
18/04/2026 06:34,T-05,54.5,3.4,12.1
18/04/2026 06:35,T-07,67.9,23.7,12.2
18/04/2026 06:36,T-01,75.7,3.7,16.1
18/04/2026 06:37,T-08,56.5,7.1,13.7
18/04/2026 06:38,T-10,55.2,5.1,14.7
18/04/2026 06:39,T-07,61.4,17.8,13.8
18/04/2026 06:40,T-01,65.8,10.2,14.7
18/04/2026 06:41,T-04,89.6,7.6,13.3
18/04/2026 06:42,T-02,79.2,9.4,16.5
18/04/2026 06:43,T-04,86.9,9.9,17.2
18/04/2026 06:44,T-09,61.3,5.4,17.8
18/04/2026 06:45,T-02,58.7,6.7,15.4
18/04/2026 06:46,T-01,54.1,7.7,17.4
18/04/2026 06:47,T-03,58.3,7.7,12.4
18/04/2026 06:48,T-07,73.2,18.3,14.4
18/04/2026 06:49,T-06,68.2,3.5,17
18/04/2026 06:50,T-04,92.1,9.5,13.3
18/04/2026 06:51,T-08,71.3,7.9,12
18/04/2026 06:52,T-03,69.3,5.5,12.9
18/04/2026 06:53,T-08,74.1,9.2,16
18/04/2026 06:54,T-06,51.1,7.2,13.3
18/04/2026 06:55,T-06,70,4.9,12.7
18/04/2026 06:56,T-08,59,5.1,12.5
18/04/2026 06:57,T-04,89.1,9.2,15.5
18/04/2026 06:58,T-10,64.4,5.5,12.7
18/04/2026 06:59,T-10,79.7,5.7,18
18/04/2026 07:00,T-04,92.4,6.8,14.8
18/04/2026 07:01,T-08,51,6.4,16
18/04/2026 07:02,T-02,71.3,5.2,12.1
18/04/2026 07:03,T-09,57.7,5.5,14.4
18/04/2026 07:04,T-05,57.6,8.9,12.8
18/04/2026 07:05,T-03,60.3,10.5,13.8
18/04/2026 07:06,T-04,87,6.4,15
18/04/2026 07:07,T-08,78.7,8.7,16.8
18/04/2026 07:08,T-07,72,20.7,13.1
18/04/2026 07:09,T-04,88.5,6,13.7
18/04/2026 07:10,T-08,60.8,3.4,12.9
18/04/2026 07:11,T-02,64.1,7.1,16.3
18/04/2026 07:12,T-08,58,6.2,12.2
18/04/2026 07:13,T-04,93,8.9,14.1
18/04/2026 07:14,T-02,70.3,6.7,17
18/04/2026 07:15,T-06,77.8,11.1,16
18/04/2026 07:16,T-04,87.1,9,13.4
18/04/2026 07:17,T-05,55.7,10.2,16
18/04/2026 07:18,T-05,70.2,6.2,15
18/04/2026 07:19,T-01,57.5,4.7,13.2
18/04/2026 07:20,T-01,79,5,15.8
18/04/2026 07:21,T-02,55.4,6.9,17.5
18/04/2026 07:22,T-05,76.7,10.4,14.8
18/04/2026 07:23,T-10,59.5,4.7,12.3
18/04/2026 07:24,T-05,77.7,6.4,16.6
18/04/2026 07:25,T-03,76.8,4.4,15.3
18/04/2026 07:26,T-02,52.9,5.9,16.1
18/04/2026 07:27,T-09,76.5,11,16.9
18/04/2026 07:28,T-07,63,16.3,12.9
18/04/2026 07:29,T-03,57.2,9.2,16.5
18/04/2026 07:30,T-07,74.6,18.5,14.5
18/04/2026 07:31,T-09,63.1,4.6,15.4
18/04/2026 07:32,T-09,54.7,8.8,17.1
18/04/2026 07:33,T-01,70.8,3.9,14.4
18/04/2026 07:34,T-01,67.3,6.3,12.6
18/04/2026 07:35,T-02,57.8,3.1,13.2
18/04/2026 07:36,T-05,63.3,2.2,16.5
18/04/2026 07:37,T-10,56,10.7,15.9
18/04/2026 07:38,T-04,91.2,5.1,17
18/04/2026 07:39,T-08,77.5,10.5,15.7
18/04/2026 07:40,T-10,70.5,3.3,12.9
18/04/2026 07:41,T-01,61.6,10.4,12.8
18/04/2026 07:42,T-09,57.6,7.1,17.3
18/04/2026 07:43,T-10,72.9,7.4,14.3
18/04/2026 07:44,T-09,59.8,2.5,13.4
18/04/2026 07:45,T-09,73.1,7.3,12.9
18/04/2026 07:46,T-05,75.3,7.2,16.4
18/04/2026 07:47,T-03,55.2,10.2,16.7
18/04/2026 07:48,T-10,71.7,7.5,12.2
18/04/2026 07:49,T-05,55,9.4,16.6
18/04/2026 07:50,T-10,55.9,2.8,16.7
18/04/2026 07:51,T-04,86.1,9.3,16.2
18/04/2026 07:52,T-07,64.4,24.9,12.3
18/04/2026 07:53,T-04,87.9,6.9,14.5
18/04/2026 07:54,T-01,60.1,11.8,16.4
18/04/2026 07:55,T-03,69.5,11.4,13.5
18/04/2026 07:56,T-05,58,11.8,14.1
18/04/2026 07:57,T-03,53.3,6.3,16.9
18/04/2026 07:58,T-05,74.4,5.5,14
18/04/2026 07:59,T-10,78.3,11.8,12.2
18/04/2026 08:00,T-09,74.6,9.9,16.2
18/04/2026 08:01,T-10,65.1,9,16.4
18/04/2026 08:02,T-01,59.8,9,17.6
18/04/2026 08:03,T-10,79,4,13.1
18/04/2026 08:04,T-09,59.6,6.9,17.3
18/04/2026 08:05,T-09,60.6,5.7,14.5
18/04/2026 08:06,T-07,74.3,22.8,15.7
18/04/2026 08:07,T-04,92.1,5.6,16.6
18/04/2026 08:08,T-02,62.8,12,13.9
18/04/2026 08:09,T-08,78.5,11,12.6
18/04/2026 08:10,T-05,78.3,9.5,16.4
18/04/2026 08:11,T-05,62.6,4.5,13.7
18/04/2026 08:12,T-07,66.1,21.4,16.7
18/04/2026 08:13,T-02,74.8,7.4,14.9
18/04/2026 08:14,T-05,60.1,11.4,12
18/04/2026 08:15,T-02,73.6,6.4,12.3
18/04/2026 08:16,T-09,63.5,8,13.5
18/04/2026 08:17,T-09,72,9.9,17.8
18/04/2026 08:18,T-03,50.5,3,16.3
18/04/2026 08:19,T-07,71.8,22.5,12.9
18/04/2026 08:20,T-04,91.3,5.5,12.4
18/04/2026 08:21,T-09,57.6,6.4,13
18/04/2026 08:22,T-07,60.9,22.2,13.2
18/04/2026 08:23,T-01,59.5,9.8,12.2
18/04/2026 08:24,T-09,59.2,2.7,14.5
18/04/2026 08:25,T-05,71.2,3.9,14.3
18/04/2026 08:26,T-10,72.3,11.8,13.8
18/04/2026 08:27,T-04,91.7,5.8,16.4
18/04/2026 08:28,T-08,66.6,4.2,13.8
18/04/2026 08:29,T-01,64.9,4.5,12.5
18/04/2026 08:30,T-06,67.3,4,12.7
18/04/2026 08:31,T-02,57.4,4,15.2
18/04/2026 08:32,T-07,69.3,22.4,15.6
18/04/2026 08:33,T-04,95,8.9,15.3
18/04/2026 08:34,T-04,92.1,8,12.7
18/04/2026 08:35,T-02,66.6,7.8,14.5
18/04/2026 08:36,T-07,72.6,22.2,13.1
18/04/2026 08:37,T-06,62.8,5.4,13.6
18/04/2026 08:38,T-09,78.4,6.4,14.7
18/04/2026 08:39,T-07,62.1,21.2,12.3
18/04/2026 08:40,T-10,64.8,3.6,13.3
18/04/2026 08:41,T-08,56.5,2.3,16.5
18/04/2026 08:42,T-05,74.2,10.2,14.2
18/04/2026 08:43,T-07,62.1,18,16.4
18/04/2026 08:44,T-01,66.5,10.9,13.5
18/04/2026 08:45,T-09,68,5.2,16.3
18/04/2026 08:46,T-09,58,9.3,17.5
18/04/2026 08:47,T-03,50.5,4.7,12.4
18/04/2026 08:48,T-04,92.2,9.4,17.1
18/04/2026 08:49,T-03,57.3,7.9,15.3
18/04/2026 08:50,T-02,60,6.2,13.5
18/04/2026 08:51,T-08,55.3,9.1,13.2
18/04/2026 08:52,T-02,59,5.6,16
18/04/2026 08:53,T-09,64.3,4.4,13.9
18/04/2026 08:54,T-05,63,7.2,16.5
18/04/2026 08:55,T-03,58.9,11.2,15.7
18/04/2026 08:56,T-05,57.8,7.2,13.2
18/04/2026 08:57,T-04,91.8,8.3,14
18/04/2026 08:58,T-06,66.6,7.1,17.2
18/04/2026 08:59,T-10,64.3,10.4,17.2
18/04/2026 09:00,T-05,78.6,11.4,15.4
18/04/2026 09:01,T-02,56.5,11.3,14.3
18/04/2026 09:02,T-01,78.3,4.6,14.7
18/04/2026 09:03,T-09,72.8,4.2,13.5
18/04/2026 09:04,T-09,50.5,9.8,14.2
18/04/2026 09:05,T-08,68.9,4.6,15.6
18/04/2026 09:06,T-07,74,21.7,16.9
18/04/2026 09:07,T-06,66.3,7.1,12.7
18/04/2026 09:08,T-10,77.2,8.6,18
18/04/2026 09:09,T-04,94.5,5.6,12.6
18/04/2026 09:10,T-01,57.9,7.4,14.7
18/04/2026 09:11,T-03,77,7.2,17.3
18/04/2026 09:12,T-09,66.5,11.7,12.4
18/04/2026 09:13,T-10,58.8,10.9,13.3
18/04/2026 09:14,T-09,63.9,3,16.1
18/04/2026 09:15,T-01,58.4,5.6,16.2
18/04/2026 09:16,T-06,62.5,3.3,12.6
18/04/2026 09:17,T-05,74.8,10.8,17.5
18/04/2026 09:18,T-08,67.1,9.6,13
18/04/2026 09:19,T-04,86.2,6.7,12.7
18/04/2026 09:20,T-06,53.3,8.5,17
18/04/2026 09:21,T-01,68.1,4.4,17.2
18/04/2026 09:22,T-01,72.1,9.9,17
18/04/2026 09:23,T-09,76,10.7,12.4
18/04/2026 09:24,T-02,50.5,10.1,16.4
18/04/2026 09:25,T-02,75.5,4.4,17.3
18/04/2026 09:26,T-09,58.8,11.1,15.7
18/04/2026 09:27,T-02,68,10.2,14.2
18/04/2026 09:28,T-02,76.3,2.7,14
18/04/2026 09:29,T-10,70.2,5.4,15.6
18/04/2026 09:30,T-06,59.7,11.6,13.3
18/04/2026 09:31,T-05,73,8.2,15.9
18/04/2026 09:32,T-01,67.1,9.4,13.1
18/04/2026 09:33,T-09,53.8,3.3,13.3
18/04/2026 09:34,T-07,67.3,21.5,17
18/04/2026 09:35,T-10,74.2,11.5,16.3
18/04/2026 09:36,T-03,65.1,3.1,12.3
18/04/2026 09:37,T-05,53.3,4.5,17.8
18/04/2026 09:38,T-01,61.8,2.5,13.3
18/04/2026 09:39,T-09,56,9.6,16.6
18/04/2026 09:40,T-08,58,4.8,15
18/04/2026 09:41,T-05,60.3,10.5,15
18/04/2026 09:42,T-08,50.4,12,14.1
18/04/2026 09:43,T-07,69.5,18.3,12.8
18/04/2026 09:44,T-04,90.2,8.5,15.9
18/04/2026 09:45,T-03,73.6,3.6,16.9
18/04/2026 09:46,T-07,72.2,17.9,17.2
18/04/2026 09:47,T-05,57.4,2.3,13.8
18/04/2026 09:48,T-05,69.3,8.5,15.2
18/04/2026 09:49,T-07,70,17,17
18/04/2026 09:50,T-04,90.3,6.1,12.1
18/04/2026 09:51,T-04,90.5,8.5,15.4
18/04/2026 09:52,T-10,50.1,10.9,13.8
18/04/2026 09:53,T-09,73.7,11.9,17.7
18/04/2026 09:54,T-10,65.7,7.3,13.3
18/04/2026 09:55,T-06,77.7,7.1,16.8
18/04/2026 09:56,T-08,53.5,9,13.8
18/04/2026 09:57,T-07,72.8,19.9,15
18/04/2026 09:58,T-05,56.7,9.4,16
18/04/2026 09:59,T-10,76.1,2.1,14.9
18/04/2026 10:00,T-04,92.5,9.3,15.8
18/04/2026 10:01,T-08,50.5,2.4,13.1
18/04/2026 10:02,T-05,69.2,5.4,16.8
18/04/2026 10:03,T-01,61.7,9.8,13.9
18/04/2026 10:04,T-09,79.1,6,13.7
18/04/2026 10:05,T-10,74.3,9,17.1
18/04/2026 10:06,T-07,69.2,21,16
18/04/2026 10:07,T-09,59.3,7.5,16.4
18/04/2026 10:08,T-08,72.8,11.3,15.1
18/04/2026 10:09,T-05,56,4.6,13.1
18/04/2026 10:10,T-05,72.8,11.3,15.4
18/04/2026 10:11,T-06,58.4,4.1,12.2
18/04/2026 10:12,T-09,58.4,10.8,12.9
18/04/2026 10:13,T-02,61.8,6.3,12.9
18/04/2026 10:14,T-01,71.5,7.2,14.6
18/04/2026 10:15,T-03,78.4,11.3,13.6
18/04/2026 10:16,T-06,70.5,3.3,13.9
18/04/2026 10:17,T-07,67.8,23.3,17
18/04/2026 10:18,T-07,62,16.1,14
18/04/2026 10:19,T-01,62.3,2.6,17.6
18/04/2026 10:20,T-03,57.6,6.9,16
18/04/2026 10:21,T-03,77,9.8,13.9
18/04/2026 10:22,T-10,78.8,6.2,12.9
18/04/2026 10:23,T-06,78.9,11.4,16.3
18/04/2026 10:24,T-02,51,3.2,17.1
18/04/2026 10:25,T-10,72,5.3,16.5
18/04/2026 10:26,T-07,64.9,23.1,17
18/04/2026 10:27,T-06,64.1,9,17.4
18/04/2026 10:28,T-10,52.1,10.9,15.1
18/04/2026 10:29,T-02,70.3,11.1,13.4
18/04/2026 10:30,T-06,54.3,5.2,17.7
18/04/2026 10:31,T-05,66,8.8,15.1
18/04/2026 10:32,T-06,67.8,4.7,14.2
18/04/2026 10:33,T-01,63.7,8.9,18
18/04/2026 10:34,T-09,71.5,4.2,17.2
18/04/2026 10:35,T-10,53.9,9.8,14.5
18/04/2026 10:36,T-07,71,18.5,13.3
18/04/2026 10:37,T-07,65.9,22.1,14.3
18/04/2026 10:38,T-04,87.7,10,13
18/04/2026 10:39,T-04,86.5,6,13
18/04/2026 10:40,T-02,50,6.8,16.8
18/04/2026 10:41,T-01,56.6,5.4,17.2
18/04/2026 10:42,T-05,54.4,3.7,14.2
18/04/2026 10:43,T-03,72.6,9.1,13.6
18/04/2026 10:44,T-05,58,5.6,13
18/04/2026 10:45,T-02,64.4,2.1,14.5
18/04/2026 10:46,T-01,71.3,4.2,12.5
18/04/2026 10:47,T-03,59.5,2.8,18
18/04/2026 10:48,T-06,62.2,4.8,15
18/04/2026 10:49,T-04,86.3,8.6,15.1
18/04/2026 10:50,T-10,62.6,6,13.9
18/04/2026 10:51,T-03,76.3,10.7,16.4
18/04/2026 10:52,T-04,88.9,5.9,16.5
18/04/2026 10:53,T-09,74.6,10.2,14.8
18/04/2026 10:54,T-10,65.6,10.1,17.6
18/04/2026 10:55,T-10,65.1,2.8,14.2
18/04/2026 10:56,T-08,63.7,11.3,17.9
18/04/2026 10:57,T-01,53,4.2,17.8
18/04/2026 10:58,T-09,68.3,4.4,16.6
18/04/2026 10:59,T-06,57.5,3.1,12.2
18/04/2026 11:00,T-05,77.4,9.9,17.4
18/04/2026 11:01,T-08,50.8,2.5,17.8
18/04/2026 11:02,T-05,63.8,5.2,16.4
18/04/2026 11:03,T-03,62.1,2.8,13.6
18/04/2026 11:04,T-03,51.9,6.1,15.5
18/04/2026 11:05,T-10,64.4,3.6,17.2
18/04/2026 11:06,T-02,74.2,7.1,16.2
18/04/2026 11:07,T-02,69.2,5,15.9
18/04/2026 11:08,T-05,69.8,7.5,13.7
18/04/2026 11:09,T-01,67.1,11.2,13.3
18/04/2026 11:10,T-03,65.4,9.3,12.9
18/04/2026 11:11,T-09,59.9,6.4,13.2
18/04/2026 11:12,T-08,52.3,3.1,16.9
18/04/2026 11:13,T-05,76.6,8.7,16.5
18/04/2026 11:14,T-05,51.5,10.5,14.1
18/04/2026 11:15,T-02,60,3.1,16.3
18/04/2026 11:16,T-05,72.2,9.3,14.9
18/04/2026 11:17,T-07,71.1,22.4,13.2
18/04/2026 11:18,T-04,86.9,7.2,14.8
18/04/2026 11:19,T-03,63.5,8.9,13.6
18/04/2026 11:20,T-03,63,5.6,17
18/04/2026 11:21,T-05,57.7,6.5,14.4
18/04/2026 11:22,T-05,74.7,4.5,12.9
18/04/2026 11:23,T-01,54,5.8,14
18/04/2026 11:24,T-05,61.5,4.8,17
18/04/2026 11:25,T-05,73.4,5.1,15.7
18/04/2026 11:26,T-04,86.6,9.2,17.9
18/04/2026 11:27,T-09,57.6,11.3,13.8
18/04/2026 11:28,T-07,60.3,21.2,17.4
18/04/2026 11:29,T-04,86.3,6.2,18
18/04/2026 11:30,T-03,76.3,4.3,15.7
18/04/2026 11:31,T-08,61.4,10.4,12.3
18/04/2026 11:32,T-03,60,5,17.9
18/04/2026 11:33,T-10,69.6,11.3,16.7
18/04/2026 11:34,T-07,70.9,18.6,12.1
18/04/2026 11:35,T-07,74.1,23.8,17.7
18/04/2026 11:36,T-09,74.4,6.7,17.1
18/04/2026 11:37,T-02,77.7,6.9,14.1
18/04/2026 11:38,T-05,59.5,2,16.4
18/04/2026 11:39,T-04,92.5,8.7,14
18/04/2026 11:40,T-03,51.8,7.4,14.3
18/04/2026 11:41,T-08,77.9,3.9,15.5
18/04/2026 11:42,T-10,69.9,4.2,17.2
18/04/2026 11:43,T-06,53.3,9,13.2
18/04/2026 11:44,T-06,53.6,3.1,16.2
18/04/2026 11:45,T-04,87.6,9,15.7
18/04/2026 11:46,T-09,59,9.3,16.1
18/04/2026 11:47,T-10,70.6,7.3,12.3
18/04/2026 11:48,T-06,57.7,5.9,12.3
18/04/2026 11:49,T-01,78.4,4.2,16.4
18/04/2026 11:50,T-06,69,7.5,15.6
18/04/2026 11:51,T-02,74.6,11.3,17.3
18/04/2026 11:52,T-03,57.4,8.2,15.7
18/04/2026 11:53,T-08,73.9,4.6,16.8
18/04/2026 11:54,T-05,61.8,7.4,17.8
18/04/2026 11:55,T-04,87.3,5.1,14.6
18/04/2026 11:56,T-07,65.5,23.4,13.1
18/04/2026 11:57,T-09,68.4,8.6,16.4
18/04/2026 11:58,T-02,67.8,2.3,15.9
18/04/2026 11:59,T-04,87.1,5.3,12.3
18/04/2026 12:00,T-02,62.3,6.1,13.5
18/04/2026 12:01,T-02,57.7,11.4,13.5
18/04/2026 12:02,T-08,69.2,11,16.7
18/04/2026 12:03,T-01,57.5,4.9,16.2
18/04/2026 12:04,T-04,88.1,5.6,16.8
18/04/2026 12:05,T-10,70,5.8,12.2
18/04/2026 12:06,T-09,51,3.3,17.2
18/04/2026 12:07,T-02,50.3,7.8,12.2
18/04/2026 12:08,T-06,69.4,9.6,17.7
18/04/2026 12:09,T-06,56.1,5.2,15.5
18/04/2026 12:10,T-03,57,10.7,15.5
18/04/2026 12:11,T-10,54.5,2.8,13.9
18/04/2026 12:12,T-07,64.5,18.6,14.1
18/04/2026 12:13,T-07,71.2,23.1,12
18/04/2026 12:14,T-05,77.9,10.8,15.4
18/04/2026 12:15,T-01,56.1,5.5,14
18/04/2026 12:16,T-02,63.2,10.7,14
18/04/2026 12:17,T-09,76.6,5.7,15.7
18/04/2026 12:18,T-08,70.5,2.5,12
18/04/2026 12:19,T-03,66.4,4.4,14.1
18/04/2026 12:20,T-10,74.7,5.9,17.3
18/04/2026 12:21,T-05,60.7,7.4,15.3
18/04/2026 12:22,T-05,58.2,9.3,12.5
18/04/2026 12:23,T-10,76.9,5.8,17.8
18/04/2026 12:24,T-10,54.1,7,13.6
18/04/2026 12:25,T-02,57.1,3,14
18/04/2026 12:26,T-07,62.1,24,15.9
18/04/2026 12:27,T-05,52.8,10.2,13.7
18/04/2026 12:28,T-10,76.9,11,15.6
18/04/2026 12:29,T-06,70.4,10.1,17.8
18/04/2026 12:30,T-03,65.7,4.1,14.4
18/04/2026 12:31,T-10,78.1,11.3,17.7
18/04/2026 12:32,T-10,62.7,7.4,17.6
18/04/2026 12:33,T-01,51.4,8.4,15.6
18/04/2026 12:34,T-07,60.6,20.7,12.3
18/04/2026 12:35,T-08,78.2,10.5,16.6
18/04/2026 12:36,T-05,76.8,2,16.3
18/04/2026 12:37,T-04,89.6,6.7,13.4
18/04/2026 12:38,T-10,73.4,8.7,16.3
18/04/2026 12:39,T-10,69.8,7.1,17.7
18/04/2026 12:40,T-04,94.8,6,13.2
18/04/2026 12:41,T-01,78.2,11,13.6
18/04/2026 12:42,T-03,74.1,5.8,15.2
18/04/2026 12:43,T-06,52,9.8,16.1
18/04/2026 12:44,T-08,75.2,11.7,13.8
18/04/2026 12:45,T-04,86.7,9.8,12.7
18/04/2026 12:46,T-09,76.5,5.5,15.1
18/04/2026 12:47,T-10,79.5,4,16.3
18/04/2026 12:48,T-09,64.8,7.8,15.1
18/04/2026 12:49,T-06,63.1,3.5,12.8
18/04/2026 12:50,T-07,71.3,21.9,15
18/04/2026 12:51,T-02,57.3,5.7,12.6
18/04/2026 12:52,T-04,93.4,5.4,14.5
18/04/2026 12:53,T-05,72.5,11,14.8
18/04/2026 12:54,T-09,76.6,6,12.1
18/04/2026 12:55,T-01,59.7,11.4,13.2
18/04/2026 12:56,T-10,51.9,3.6,16.2
18/04/2026 12:57,T-03,70.1,10.1,17.4
18/04/2026 12:58,T-06,50.3,6.1,16.9
18/04/2026 12:59,T-03,70.3,11.8,12.6
18/04/2026 13:00,T-08,79.1,9.7,15.5
18/04/2026 13:01,T-01,79,6.4,13.2
18/04/2026 13:02,T-06,66.3,11.8,15.4
18/04/2026 13:03,T-04,92.3,8.3,12.6
18/04/2026 13:04,T-03,60.9,7.8,14
18/04/2026 13:05,T-01,53,5.9,16.7
18/04/2026 13:06,T-10,78.7,4.1,14.8
18/04/2026 13:07,T-03,51.1,8.9,12.1
18/04/2026 13:08,T-01,64.4,9.1,17.3
18/04/2026 13:09,T-06,80,9.3,13.8
18/04/2026 13:10,T-09,54.3,9.4,15.3
18/04/2026 13:11,T-03,77.8,8.2,16.9
18/04/2026 13:12,T-10,74.1,6.5,15
18/04/2026 13:13,T-05,64.7,8.3,16.8
18/04/2026 13:14,T-02,65.3,6.5,13.5
18/04/2026 13:15,T-05,53.2,10.3,15.1
18/04/2026 13:16,T-04,90.2,7,12.1
18/04/2026 13:17,T-06,59.7,11.6,16
18/04/2026 13:18,T-09,65.6,6.4,17.5
18/04/2026 13:19,T-09,56,7.8,13.5
18/04/2026 13:20,T-08,70.4,7.4,17.2
18/04/2026 13:21,T-01,50.7,4.6,15.6
18/04/2026 13:22,T-05,77,7,16.2
18/04/2026 13:23,T-04,93.4,8.2,16.9
18/04/2026 13:24,T-05,65.1,2.8,13.8
18/04/2026 13:25,T-08,76.1,3.1,12.9
18/04/2026 13:26,T-02,68.7,5,16.5
18/04/2026 13:27,T-03,75.6,7.2,17.8
18/04/2026 13:28,T-09,78.4,9.5,12.6
18/04/2026 13:29,T-06,78.5,10,17.4
18/04/2026 13:30,T-04,90.5,7.8,16.9
18/04/2026 13:31,T-01,58.8,4.1,16.6
18/04/2026 13:32,T-01,59.6,4.8,14.1
18/04/2026 13:33,T-07,70.5,20.4,17
18/04/2026 13:34,T-04,90.8,7.8,15.3
18/04/2026 13:35,T-09,75.3,10.8,17.9
18/04/2026 13:36,T-07,61.9,24,15.4
18/04/2026 13:37,T-06,55.6,5.1,16
18/04/2026 13:38,T-02,55.2,6.2,17.7
18/04/2026 13:39,T-08,55.5,10,16.3
18/04/2026 13:40,T-08,57.6,2.4,14.7
18/04/2026 13:41,T-03,54.1,9.3,15.9
18/04/2026 13:42,T-02,75.4,6,16.6
18/04/2026 13:43,T-09,53.3,6.4,12.9
18/04/2026 13:44,T-02,69.2,11.4,14.5
18/04/2026 13:45,T-08,60.3,8.2,15.4
18/04/2026 13:46,T-10,60.9,7.8,15.6
18/04/2026 13:47,T-07,73.5,17.2,14.8
18/04/2026 13:48,T-10,69.2,3.9,13.8
18/04/2026 13:49,T-05,67.8,11,14.4
18/04/2026 13:50,T-01,62.2,3.3,15.1
18/04/2026 13:51,T-04,91.4,9.2,14
18/04/2026 13:52,T-05,52,4.9,16.5
18/04/2026 13:53,T-04,93.5,6.8,15.8
18/04/2026 13:54,T-03,54.2,9.7,12.2
18/04/2026 13:55,T-01,69,8.3,15.9
18/04/2026 13:56,T-09,72.2,2.7,15.4
18/04/2026 13:57,T-04,87.9,8.7,14.5
18/04/2026 13:58,T-08,71.1,3.8,15
18/04/2026 13:59,T-03,65.1,6.3,15.7
18/04/2026 14:00,T-01,67.6,11.8,15.4
18/04/2026 14:01,T-02,52.2,11.7,17.1
18/04/2026 14:02,T-07,60.9,18.1,12.3
18/04/2026 14:03,T-05,69.2,9.4,13.6
18/04/2026 14:04,T-09,77.6,5.6,16.2
18/04/2026 14:05,T-08,71.6,9.3,16.5
18/04/2026 14:06,T-08,57.6,5.8,12.2
18/04/2026 14:07,T-08,78.3,11.9,17.5
18/04/2026 14:08,T-07,73.1,23.5,12.7
18/04/2026 14:09,T-08,60.3,8.7,15.5
18/04/2026 14:10,T-04,89.3,9.6,15.3
18/04/2026 14:11,T-02,57.9,4.8,12.8
18/04/2026 14:12,T-08,57.8,6.3,14.2
18/04/2026 14:13,T-04,90.1,5.3,13
18/04/2026 14:14,T-04,94.7,5.6,17.4
18/04/2026 14:15,T-06,74.5,4.4,13.3
18/04/2026 14:16,T-08,53.6,8,15.3
18/04/2026 14:17,T-05,72.6,2.4,17.5
18/04/2026 14:18,T-03,71.3,3.1,16.9
18/04/2026 14:19,T-07,71.5,19,16.1
18/04/2026 14:20,T-02,67.2,3.1,12.9
18/04/2026 14:21,T-02,66.9,11.7,12.3
18/04/2026 14:22,T-06,79.1,11.9,13
18/04/2026 14:23,T-02,71.4,2.3,16.1
18/04/2026 14:24,T-04,92.6,5.3,14.6
18/04/2026 14:25,T-06,66.2,4.4,16.5
18/04/2026 14:26,T-01,62.3,10.7,13.9
18/04/2026 14:27,T-10,62.9,2.3,14.6
18/04/2026 14:28,T-05,64.8,6,17.1
18/04/2026 14:29,T-02,62.9,4,17.8
18/04/2026 14:30,T-06,61.6,4.3,17.8
18/04/2026 14:31,T-05,51.1,9.1,15.6
18/04/2026 14:32,T-08,62.5,5,12.5
18/04/2026 14:33,T-01,66.5,6.8,14.5
18/04/2026 14:34,T-09,76.8,2.5,14.3
18/04/2026 14:35,T-03,79.6,10.3,13.9
18/04/2026 14:36,T-05,77,6.6,12.9
18/04/2026 14:37,T-01,72.4,3,12.1
18/04/2026 14:38,T-07,72.3,20.1,12.8
18/04/2026 14:39,T-03,79.3,9.8,15.4
18/04/2026 14:40,T-06,60.3,2.5,14.3
18/04/2026 14:41,T-08,75.7,4.4,12.1
18/04/2026 14:42,T-08,66.4,10.7,14.1
18/04/2026 14:43,T-01,77.4,5,14.6
18/04/2026 14:44,T-05,63.7,7.2,12.6
18/04/2026 14:45,T-07,69.8,21.1,13.6
18/04/2026 14:46,T-09,59.2,10.8,12.4
18/04/2026 14:47,T-08,64.8,9.5,14.9
18/04/2026 14:48,T-07,64.4,18.1,12.4
18/04/2026 14:49,T-10,55.6,10.5,14.9
18/04/2026 14:50,T-01,77.6,5.7,12.3
18/04/2026 14:51,T-09,76.9,5.6,16.5
18/04/2026 14:52,T-02,70.1,10,15.9
18/04/2026 14:53,T-02,80,3.5,18
18/04/2026 14:54,T-04,92.3,7,13.7
18/04/2026 14:55,T-08,62.2,8.5,15.9
18/04/2026 14:56,T-08,56.2,3,12.3
18/04/2026 14:57,T-06,65.6,9.6,15.5
18/04/2026 14:58,T-09,63.3,3.1,15.1
18/04/2026 14:59,T-05,66.6,10.4,17.8
18/04/2026 15:00,T-10,75,2.6,12.4
18/04/2026 15:01,T-09,67,7.2,15.7
18/04/2026 15:02,T-10,59.7,2.6,16.6
18/04/2026 15:03,T-06,60.6,5.8,17.8
18/04/2026 15:04,T-10,55.4,6,16.7
18/04/2026 15:05,T-02,74,2.6,16.5
18/04/2026 15:06,T-04,94.5,7.9,16
18/04/2026 15:07,T-03,70.6,4.1,17.5
18/04/2026 15:08,T-07,74.2,19.2,12
18/04/2026 15:09,T-04,88.4,7.1,16.9
18/04/2026 15:10,T-10,52.4,8.3,14.5
18/04/2026 15:11,T-10,75,5.4,14.6
18/04/2026 15:12,T-09,55.6,4.5,17.2
18/04/2026 15:13,T-05,75.3,11.1,14.6
18/04/2026 15:14,T-02,58.4,11.2,17
18/04/2026 15:15,T-09,67.5,7.9,13.2
18/04/2026 15:16,T-09,57.1,8.4,17.3
18/04/2026 15:17,T-07,64.4,17.9,13.9
18/04/2026 15:18,T-08,59.6,2.2,16.6
18/04/2026 15:19,T-08,69.4,5,18
18/04/2026 15:20,T-02,67.7,8.7,15.8
18/04/2026 15:21,T-09,76,9.9,14.3
18/04/2026 15:22,T-03,76.5,9,17.8
18/04/2026 15:23,T-03,66.2,3.5,12.2
18/04/2026 15:24,T-10,51.2,6.5,14
18/04/2026 15:25,T-07,64.4,18.6,16.8
18/04/2026 15:26,T-01,53.3,2.1,12.8
18/04/2026 15:27,T-02,63.4,6.9,16.8
18/04/2026 15:28,T-05,60.7,6.1,16.9
18/04/2026 15:29,T-01,70.5,11.5,17.6
18/04/2026 15:30,T-10,58.1,10.4,14.7
18/04/2026 15:31,T-04,93.3,9.2,13
18/04/2026 15:32,T-02,68.1,6.2,13.2
18/04/2026 15:33,T-09,70.8,11.3,16.9
18/04/2026 15:34,T-01,75.9,11.6,13.6
18/04/2026 15:35,T-05,60.6,4.2,13.1
18/04/2026 15:36,T-06,79.8,10,13.4
18/04/2026 15:37,T-03,60.4,11.2,13
18/04/2026 15:38,T-10,66,3.2,12.7
18/04/2026 15:39,T-04,92,8.5,12.6
18/04/2026 15:40,T-03,65.8,8.1,14.5
18/04/2026 15:41,T-09,54.6,7.3,15.4
18/04/2026 15:42,T-07,70.5,16.6,17.6
18/04/2026 15:43,T-04,87.5,5.4,17.7
18/04/2026 15:44,T-08,54.8,3.4,14.1
18/04/2026 15:45,T-09,67.1,9.8,17
18/04/2026 15:46,T-08,70.5,11.5,14.4
18/04/2026 15:47,T-07,70.4,23.3,12.2
18/04/2026 15:48,T-01,57,5.5,12.7
18/04/2026 15:49,T-06,66.1,10.9,15.8
18/04/2026 15:50,T-06,59.5,2.6,16.9
18/04/2026 15:51,T-10,63.9,3.5,14.6
18/04/2026 15:52,T-06,67.2,3,15.4
18/04/2026 15:53,T-09,57,9.4,12.5
18/04/2026 15:54,T-06,77.8,11.6,13.9
18/04/2026 15:55,T-10,74.3,9.4,17.2
18/04/2026 15:56,T-05,54.8,10.9,17.5
18/04/2026 15:57,T-06,61.7,5.4,16.6
18/04/2026 15:58,T-02,54,4.5,14.1
18/04/2026 15:59,T-02,64.1,8.9,17.7
18/04/2026 16:00,T-01,66.2,4,13.7
18/04/2026 16:01,T-01,51.4,8.2,17.4
18/04/2026 16:02,T-07,73.5,24.3,15.1
18/04/2026 16:03,T-02,67.7,9.8,12.2
18/04/2026 16:04,T-02,77.3,11.5,15.6
18/04/2026 16:05,T-02,78.6,6.4,18
18/04/2026 16:06,T-05,79.1,4.2,14.3
18/04/2026 16:07,T-02,71,3.5,12.4
18/04/2026 16:08,T-03,72.6,7.8,16.8
18/04/2026 16:09,T-06,71.5,6.9,13.7
18/04/2026 16:10,T-10,68.6,7,16.9
18/04/2026 16:11,T-10,72.3,2.4,14.6
18/04/2026 16:12,T-10,64.1,10,15.6
18/04/2026 16:13,T-07,66.6,23,16.7
18/04/2026 16:14,T-09,70.7,2.6,14.3
18/04/2026 16:15,T-09,78.3,2,16.9
18/04/2026 16:16,T-07,67.5,22.3,18
18/04/2026 16:17,T-04,89.2,5.3,13
18/04/2026 16:18,T-04,88.6,5.8,15
18/04/2026 16:19,T-06,51.1,10.9,13.2
18/04/2026 16:20,T-09,65.8,4.5,17.9
18/04/2026 16:21,T-10,66.8,5.7,14.8
18/04/2026 16:22,T-03,68,2.5,12.4
18/04/2026 16:23,T-08,71.4,9.7,16.2
18/04/2026 16:24,T-10,50.7,2.8,15.8
18/04/2026 16:25,T-06,59.5,10.3,15.7
18/04/2026 16:26,T-01,78.6,6.3,15.7
18/04/2026 16:27,T-05,63.5,10.1,14.4
18/04/2026 16:28,T-03,77.9,6.6,12.4
18/04/2026 16:29,T-10,52.9,4.7,15
18/04/2026 16:30,T-05,63.5,3.2,13.4
18/04/2026 16:31,T-06,60.7,8.5,13.6
18/04/2026 16:32,T-06,50.4,7.9,12.9
18/04/2026 16:33,T-08,63,5.2,15.8
18/04/2026 16:34,T-03,62.9,2.5,15.7
18/04/2026 16:35,T-07,60.8,24.6,15.3
18/04/2026 16:36,T-01,57.1,7.1,15.8
18/04/2026 16:37,T-09,72.9,11.2,14.5
18/04/2026 16:38,T-09,52.8,5,17.6
18/04/2026 16:39,T-05,64,8.8,17.9
18/04/2026 16:40,T-05,61.1,7.7,12.7
18/04/2026 16:41,T-01,66.9,5.2,17.4
18/04/2026 16:42,T-04,91.8,7.2,15.5
18/04/2026 16:43,T-07,69,24.3,14
18/04/2026 16:44,T-03,68.3,10.6,14.5
18/04/2026 16:45,T-05,65.2,4.8,18
18/04/2026 16:46,T-10,71.7,8,13.8
18/04/2026 16:47,T-02,68.6,7.5,13.5
18/04/2026 16:48,T-04,86.9,9,12.8
18/04/2026 16:49,T-05,76.4,3.1,17.8
18/04/2026 16:50,T-03,67.2,4.5,13.4
18/04/2026 16:51,T-07,63.2,24,12.9
18/04/2026 16:52,T-09,75.7,3.7,12.2
18/04/2026 16:53,T-07,67.1,19.9,12.1
18/04/2026 16:54,T-01,66.4,7.3,13.5
18/04/2026 16:55,T-01,72.9,3.9,17.6
18/04/2026 16:56,T-04,93.4,6.6,17.2
18/04/2026 16:57,T-06,71,3.6,17.2
18/04/2026 16:58,T-05,68.7,8.3,13.1
18/04/2026 16:59,T-01,63.2,9.8,13.4
18/04/2026 17:00,T-08,71.9,11.6,12.5
18/04/2026 17:01,T-02,59.9,7.8,13.3
18/04/2026 17:02,T-10,53.9,8.3,14.8
18/04/2026 17:03,T-08,67.9,5.9,14.2
18/04/2026 17:04,T-09,75.2,8.5,16.7
18/04/2026 17:05,T-05,54.5,3.6,13.9
18/04/2026 17:06,T-05,60.8,10,17.8
18/04/2026 17:07,T-02,63.9,7,12.2
18/04/2026 17:08,T-03,76.4,2.6,17.8
18/04/2026 17:09,T-02,70.5,5.3,12.6
18/04/2026 17:10,T-09,73.7,7.2,14.4
18/04/2026 17:11,T-09,67.6,6.6,16.7
18/04/2026 17:12,T-01,72.2,10.1,14.2
18/04/2026 17:13,T-09,67.4,2.6,14.7
18/04/2026 17:14,T-02,68.8,2.2,13.8
18/04/2026 17:15,T-02,72.6,11.8,12.8
18/04/2026 17:16,T-10,74,4.9,13.1
18/04/2026 17:17,T-04,86.5,8.2,17.6
18/04/2026 17:18,T-08,66.9,9.8,15.3
18/04/2026 17:19,T-01,78.7,11.6,13.6
18/04/2026 17:20,T-09,63.9,2.9,17.8
18/04/2026 17:21,T-08,74.9,3.9,15.6
18/04/2026 17:22,T-07,73,17.1,15.7
18/04/2026 17:23,T-04,94.2,9.2,16.8
18/04/2026 17:24,T-02,71.6,9.1,12.1
18/04/2026 17:25,T-07,60.6,21.1,14.6
18/04/2026 17:26,T-01,73.8,8,13.5
18/04/2026 17:27,T-10,65.5,12,17.9
18/04/2026 17:28,T-06,76.2,4.1,14.7
18/04/2026 17:29,T-04,90.5,9.3,12.6
18/04/2026 17:30,T-04,89.9,5.9,13.3
18/04/2026 17:31,T-09,66.6,7.2,17.6
18/04/2026 17:32,T-10,65.5,9.7,13
18/04/2026 17:33,T-08,58.3,11.2,16.5
18/04/2026 17:34,T-08,76.9,5.1,13.1
18/04/2026 17:35,T-08,56.4,9,17.2
18/04/2026 17:36,T-06,51.3,9.4,13.1
18/04/2026 17:37,T-07,74.9,21.2,14.4
18/04/2026 17:38,T-08,60.6,3.6,12.7
18/04/2026 17:39,T-02,78.7,10.7,12.3
18/04/2026 17:40,T-10,56.7,9.8,15.8
18/04/2026 17:41,T-06,56.7,10.8,13.8
18/04/2026 17:42,T-09,68.1,11.8,13
18/04/2026 17:43,T-05,67.5,2.4,15.7
18/04/2026 17:44,T-01,77.5,4.8,16.2
18/04/2026 17:45,T-04,88.5,9.5,15.4
18/04/2026 17:46,T-03,56.5,6.7,17.4
18/04/2026 17:47,T-07,64.2,18.1,17.7
18/04/2026 17:48,T-03,57.2,2.3,13.8
18/04/2026 17:49,T-04,87.7,9.2,15.1
18/04/2026 17:50,T-03,58.8,6,14.2
18/04/2026 17:51,T-02,71.6,9.5,15.1
18/04/2026 17:52,T-07,61.8,24.9,12.1
18/04/2026 17:53,T-09,75.8,5,17.6
18/04/2026 17:54,T-03,55.7,11.8,14.2
18/04/2026 17:55,T-06,66.3,3.7,16.9
18/04/2026 17:56,T-08,52.1,8.3,17.2
18/04/2026 17:57,T-07,66.3,23.8,12.6
18/04/2026 17:58,T-04,88.2,9.3,13.2
18/04/2026 17:59,T-02,61.4,11.2,13.5
18/04/2026 18:00,T-01,63.5,9.9,14.2
18/04/2026 18:01,T-02,57.1,7.7,15.6
18/04/2026 18:02,T-01,67.2,8.3,15.8
18/04/2026 18:03,T-10,74.9,11.3,17.9
18/04/2026 18:04,T-03,63.7,4.3,14
18/04/2026 18:05,T-06,66.7,9.2,16.2
18/04/2026 18:06,T-03,67.4,2.2,16.3
18/04/2026 18:07,T-08,59.5,4.1,13.4
18/04/2026 18:08,T-05,70.6,8.3,15.6
18/04/2026 18:09,T-05,69.5,3,14.5
18/04/2026 18:10,T-01,63,10.2,16.6
18/04/2026 18:11,T-09,76.2,2.9,13.6
18/04/2026 18:12,T-01,71.9,11.2,13.6
18/04/2026 18:13,T-06,54.5,11.7,17.7
18/04/2026 18:14,T-05,51.9,7.6,15.9
18/04/2026 18:15,T-06,53.1,6.1,13.6
18/04/2026 18:16,T-01,70.2,5.6,14.6
18/04/2026 18:17,T-02,70.8,3.3,16.7
18/04/2026 18:18,T-06,58.8,9.5,16.2
18/04/2026 18:19,T-08,69.1,11.9,13.9
18/04/2026 18:20,T-03,60.3,6.1,12.1
18/04/2026 18:21,T-10,75.7,3.6,15.8
18/04/2026 18:22,T-09,79.8,9.4,17.4
18/04/2026 18:23,T-04,93.4,7,14.9
18/04/2026 18:24,T-05,69.9,8.6,13.3
18/04/2026 18:25,T-09,63.8,10,13.3
18/04/2026 18:26,T-05,73.7,2.6,14.3
18/04/2026 18:27,T-02,79.2,5.3,16.9
18/04/2026 18:28,T-10,64.1,11.6,13.9
18/04/2026 18:29,T-05,72.6,4.9,16.1
18/04/2026 18:30,T-02,79.1,7.7,12.1
18/04/2026 18:31,T-01,71,2.6,16.9
18/04/2026 18:32,T-04,90.5,5.4,13.6
18/04/2026 18:33,T-02,56.8,7.8,15.5
18/04/2026 18:34,T-04,93,6.1,13.9
18/04/2026 18:35,T-10,50,10,14.4
18/04/2026 18:36,T-03,66.1,5.1,12.5
18/04/2026 18:37,T-09,61,7.5,15.3
18/04/2026 18:38,T-02,76.2,2.5,12.8
18/04/2026 18:39,T-06,51,5.2,13.6
18/04/2026 18:40,T-10,61.6,6.1,17
18/04/2026 18:41,T-01,71,9.4,18
18/04/2026 18:42,T-01,78.6,2.5,16.6
18/04/2026 18:43,T-07,74.5,22.2,12.6
18/04/2026 18:44,T-01,79.5,6.4,15.5
18/04/2026 18:45,T-09,58.6,3.3,17.6
18/04/2026 18:46,T-02,53.3,9.6,13.3
18/04/2026 18:47,T-08,65.2,9.5,15.2
18/04/2026 18:48,T-05,60.1,2.3,15.7
18/04/2026 18:49,T-07,72.9,16.2,14.7
18/04/2026 18:50,T-10,69.8,4.3,16.7
18/04/2026 18:51,T-10,52.6,9.9,17.1
18/04/2026 18:52,T-05,64,5.4,15.2
18/04/2026 18:53,T-01,68.9,11,13.1
18/04/2026 18:54,T-08,64.9,10.6,15.2
18/04/2026 18:55,T-09,79.9,5.8,15.3
18/04/2026 18:56,T-06,61.9,10.1,16.3
18/04/2026 18:57,T-05,69.7,10.4,12.2
18/04/2026 18:58,T-07,70.7,19.4,15.7
18/04/2026 18:59,T-04,87.5,6.3,16.2
18/04/2026 19:00,T-05,70.5,3.3,17.7
18/04/2026 19:01,T-01,64.1,5.3,13.6
18/04/2026 19:02,T-03,69.8,11.6,13.4
18/04/2026 19:03,T-09,79.6,10.3,13.7
18/04/2026 19:04,T-02,54.9,2.6,15.2
18/04/2026 19:05,T-05,59.7,3.4,17.8
18/04/2026 19:06,T-09,59.5,8.9,12.5
18/04/2026 19:07,T-03,57.5,6.4,18
18/04/2026 19:08,T-04,92.8,8.1,14.9
18/04/2026 19:09,T-07,65.2,20.1,16.2
18/04/2026 19:10,T-07,62.1,24.7,14.4
18/04/2026 19:11,T-06,56.3,4.9,12.6
18/04/2026 19:12,T-08,52.6,3.9,12.8
18/04/2026 19:13,T-03,69.5,5.1,14.9
18/04/2026 19:14,T-02,55.2,11.4,14.7
18/04/2026 19:15,T-01,66.1,8,15.6
18/04/2026 19:16,T-02,66,6.2,15.8
18/04/2026 19:17,T-09,66.5,4.3,15.9
18/04/2026 19:18,T-09,67.8,11.9,17
18/04/2026 19:19,T-10,77.9,5.5,16.9
18/04/2026 19:20,T-03,58.3,11,15.2
18/04/2026 19:21,T-09,53.9,9,15.7
18/04/2026 19:22,T-04,88.9,9.9,14.3
18/04/2026 19:23,T-08,57.5,10.3,17.3
18/04/2026 19:24,T-01,78.4,10.8,12.9
18/04/2026 19:25,T-10,54.4,9.2,13.1
18/04/2026 19:26,T-03,60,7.9,17
18/04/2026 19:27,T-05,56.2,10.8,16.4
18/04/2026 19:28,T-04,89.2,7.6,13.2
18/04/2026 19:29,T-01,77.3,10.3,12.6
18/04/2026 19:30,T-04,89.4,6.6,16.1
18/04/2026 19:31,T-04,92,9.7,12.4
18/04/2026 19:32,T-08,60.4,10.1,12.7
18/04/2026 19:33,T-05,56.9,9.1,13
18/04/2026 19:34,T-04,93.8,10,16.1
18/04/2026 19:35,T-10,76.8,2.7,16
18/04/2026 19:36,T-10,69.7,10.2,12.1
18/04/2026 19:37,T-05,57.9,10.1,16.9
18/04/2026 19:38,T-08,70.2,6.5,18
18/04/2026 19:39,T-06,55.6,9.5,16.4
18/04/2026 19:40,T-06,72.3,8.2,16.1
18/04/2026 19:41,T-06,74.6,5.6,15
18/04/2026 19:42,T-02,69.7,9.7,16.2
18/04/2026 19:43,T-07,72.2,24.9,16.4
18/04/2026 19:44,T-05,61.9,6.1,12.7
18/04/2026 19:45,T-07,64.7,25,14.6
18/04/2026 19:46,T-05,56.8,8.5,17.8
18/04/2026 19:47,T-05,79.8,10.5,17.8
18/04/2026 19:48,T-02,52.4,7.3,16.2
18/04/2026 19:49,T-01,74.4,6.5,14.4
18/04/2026 19:50,T-06,67.9,8.9,14.6
18/04/2026 19:51,T-03,57.9,2.7,17.3
18/04/2026 19:52,T-03,57.4,6.5,13.5
18/04/2026 19:53,T-08,65.9,9.5,15
18/04/2026 19:54,T-08,68.4,8.6,12.4
18/04/2026 19:55,T-09,60.1,7.5,14.4
18/04/2026 19:56,T-09,52.2,6.1,16.6
18/04/2026 19:57,T-09,54.7,7.7,15.6
18/04/2026 19:58,T-10,64.3,2.4,13.6
18/04/2026 19:59,T-02,51.4,4.4,15.4
18/04/2026 20:00,T-08,61.6,9,17.1
18/04/2026 20:01,T-07,64.4,24.3,17
18/04/2026 20:02,T-05,51.9,4.1,12.1
18/04/2026 20:03,T-05,59.7,5.7,12
18/04/2026 20:04,T-03,75,5.1,13.5
18/04/2026 20:05,T-09,78.7,5.8,16.8
18/04/2026 20:06,T-06,75.6,2.1,17.9
18/04/2026 20:07,T-09,66,9.5,15
18/04/2026 20:08,T-04,92.8,8.3,14.7
18/04/2026 20:09,T-07,68.9,22,16.8
18/04/2026 20:10,T-03,73.6,10.7,14.7
18/04/2026 20:11,T-08,53.7,8.9,13
18/04/2026 20:12,T-05,53.4,3.1,16.5
18/04/2026 20:13,T-10,50.7,11,15.7
18/04/2026 20:14,T-04,88.5,5.3,15.9
18/04/2026 20:15,T-02,74,10.5,14
18/04/2026 20:16,T-08,52.8,4.4,15.4
18/04/2026 20:17,T-10,61.4,7.6,15
18/04/2026 20:18,T-01,62.4,6.6,14.7
18/04/2026 20:19,T-03,75.6,6.5,14.4
18/04/2026 20:20,T-04,94.9,5.5,15.3
18/04/2026 20:21,T-05,62.4,3.6,13.7
18/04/2026 20:22,T-08,57.3,4,13
18/04/2026 20:23,T-02,58.1,3.2,12.9
18/04/2026 20:24,T-10,64.5,9.9,15.1
18/04/2026 20:25,T-09,72,4.5,12.1
18/04/2026 20:26,T-07,71.8,20.6,14.6
18/04/2026 20:27,T-07,66.6,17.8,12.1
18/04/2026 20:28,T-05,56.6,10.6,15.7
18/04/2026 20:29,T-09,72.4,6.6,17.8
18/04/2026 20:30,T-10,50.1,7.5,15.4
18/04/2026 20:31,T-02,67.4,4,16
18/04/2026 20:32,T-09,54.1,9.3,14.6
18/04/2026 20:33,T-04,91.3,7.8,15.7
18/04/2026 20:34,T-10,73.3,10.5,17.8
18/04/2026 20:35,T-05,79.3,6.7,16.3
18/04/2026 20:36,T-03,67.8,8.6,16.4
18/04/2026 20:37,T-07,61.4,16.9,14.3
18/04/2026 20:38,T-03,53.8,6.3,12.1
18/04/2026 20:39,T-03,61.8,8.4,17.6
18/04/2026 20:40,T-03,53.2,3.8,17.5
18/04/2026 20:41,T-01,59.6,9.4,15.9
18/04/2026 20:42,T-05,54.5,10.1,16.7
18/04/2026 20:43,T-04,91.4,6.8,16.2
18/04/2026 20:44,T-02,59,4.2,12.5
18/04/2026 20:45,T-08,75.6,4.6,14.1
18/04/2026 20:46,T-07,64,18,12.6
18/04/2026 20:47,T-05,57.1,7,14.8
18/04/2026 20:48,T-02,61,7.3,16
18/04/2026 20:49,T-05,69.2,8.2,17.6
18/04/2026 20:50,T-07,71.8,18.1,13.7
18/04/2026 20:51,T-02,78,2.6,15.3
18/04/2026 20:52,T-01,64.2,8.9,14.1
18/04/2026 20:53,T-06,68.9,11,14.7
18/04/2026 20:54,T-10,57.2,9,16.4
18/04/2026 20:55,T-07,73.2,16.2,13.9
18/04/2026 20:56,T-07,71.3,24.1,17.3
18/04/2026 20:57,T-06,52.5,10.9,16.2
18/04/2026 20:58,T-05,55.4,3,12.9
18/04/2026 20:59,T-03,59.8,10,17
18/04/2026 21:00,T-09,55.6,2.5,13.2
18/04/2026 21:01,T-09,59.7,9.1,16.8
18/04/2026 21:02,T-09,64.1,10.6,14.8
18/04/2026 21:03,T-10,56.5,8.1,13.2
18/04/2026 21:04,T-08,68.3,10.2,13
18/04/2026 21:05,T-06,64.5,9.7,17.8
18/04/2026 21:06,T-04,94.9,7,13.6
18/04/2026 21:07,T-07,61.5,23.7,17.3
18/04/2026 21:08,T-10,54.9,11.7,16
18/04/2026 21:09,T-08,57.9,9.7,16.3
18/04/2026 21:10,T-06,76,10.6,17.9
18/04/2026 21:11,T-10,55.7,8.8,14.3
18/04/2026 21:12,T-04,88,8.6,17.2
18/04/2026 21:13,T-01,66.4,3.3,15.9
18/04/2026 21:14,T-01,74,11.7,13.4
18/04/2026 21:15,T-06,71.6,10.9,17.9
18/04/2026 21:16,T-05,74.8,3.9,15.1
18/04/2026 21:17,T-05,64.7,7,13.3
18/04/2026 21:18,T-07,60.5,23.3,17.4
18/04/2026 21:19,T-02,51.3,8.2,16.4
18/04/2026 21:20,T-05,73.5,8.1,14.2
18/04/2026 21:21,T-05,65.5,9.6,13.1
18/04/2026 21:22,T-03,66,5.6,12.2
18/04/2026 21:23,T-08,64.1,10.4,16.1
18/04/2026 21:24,T-01,65.4,10.1,17.7
18/04/2026 21:25,T-05,65.9,5.9,12.3
18/04/2026 21:26,T-09,76.2,8.2,12.7
18/04/2026 21:27,T-06,54.6,9.1,12.8
18/04/2026 21:28,T-05,52.2,5.9,16.9
18/04/2026 21:29,T-06,75.3,4,13.6
18/04/2026 21:30,T-01,63.8,11.2,14.6
18/04/2026 21:31,T-01,68.3,7.5,12.6
18/04/2026 21:32,T-07,68,17.3,15.2
18/04/2026 21:33,T-07,65,22.6,17
18/04/2026 21:34,T-10,64.5,8.8,12.9
18/04/2026 21:35,T-01,69.5,7.4,14
18/04/2026 21:36,T-10,60.9,11.9,14.6
18/04/2026 21:37,T-09,71.8,3,16.7
18/04/2026 21:38,T-05,55.5,3.3,16
18/04/2026 21:39,T-08,57.1,11.1,13.9
18/04/2026 21:40,T-02,66.4,4.1,13.5
18/04/2026 21:41,T-05,69.5,10.4,16.5
18/04/2026 21:42,T-01,73.1,2.7,16.7
18/04/2026 21:43,T-08,79.3,11.6,17.2
18/04/2026 21:44,T-09,51.8,5.9,16.1
18/04/2026 21:45,T-08,78.7,10.2,15.2
18/04/2026 21:46,T-06,71.7,9.2,13.1
18/04/2026 21:47,T-07,71.9,16.7,16.9
18/04/2026 21:48,T-02,55.4,9.2,12.4
18/04/2026 21:49,T-10,59.4,6,13.2
18/04/2026 21:50,T-05,51.6,7.6,12.6
18/04/2026 21:51,T-07,72.7,17.1,16.5
18/04/2026 21:52,T-01,78.6,6.9,16
18/04/2026 21:53,T-03,58.4,7.9,12.7
18/04/2026 21:54,T-04,92.2,7.7,16.1
18/04/2026 21:55,T-04,87.2,5.2,17.2
18/04/2026 21:56,T-10,76.8,2.1,13.5
18/04/2026 21:57,T-04,87.3,9.7,13.4
18/04/2026 21:58,T-04,88.6,6.9,13.1
18/04/2026 21:59,T-06,61.2,9.7,12.1
18/04/2026 22:00,T-03,58.3,4.6,14.7
18/04/2026 22:01,T-04,92.2,9.5,16.8
18/04/2026 22:02,T-02,67.2,5.9,14.9
18/04/2026 22:03,T-02,61.2,3.6,12.3
18/04/2026 22:04,T-01,56.7,10.6,17
18/04/2026 22:05,T-06,55.7,6.2,14.4
18/04/2026 22:06,T-09,70,6.3,15.5
18/04/2026 22:07,T-02,59.1,5.6,13.5
18/04/2026 22:08,T-05,61.5,3,16.3
18/04/2026 22:09,T-07,67.6,18.8,16.4
18/04/2026 22:10,T-04,93.1,6.8,14.5
18/04/2026 22:11,T-08,58.8,9.7,15.8
18/04/2026 22:12,T-02,55,4.1,14.5
18/04/2026 22:13,T-05,64.5,7.4,15
18/04/2026 22:14,T-10,52.1,2.9,12.4
18/04/2026 22:15,T-04,86.7,8.6,15.7
18/04/2026 22:16,T-04,93.7,5.3,16.9
18/04/2026 22:17,T-08,69.2,3.2,13.4
18/04/2026 22:18,T-02,74.2,10.4,13.7
18/04/2026 22:19,T-08,61,8.5,12.6
18/04/2026 22:20,T-03,62.2,2.2,16.2
18/04/2026 22:21,T-05,75.7,10.4,13.3
18/04/2026 22:22,T-07,70.6,18.5,17.2
18/04/2026 22:23,T-04,91,7.5,13.5
18/04/2026 22:24,T-05,71,4,16.7
18/04/2026 22:25,T-06,77,2,16
18/04/2026 22:26,T-07,64.5,17.6,16
18/04/2026 22:27,T-06,69.6,6.5,12.2
18/04/2026 22:28,T-09,60.1,7.4,13.8
18/04/2026 22:29,T-05,71.4,10.8,17.6
18/04/2026 22:30,T-04,91.1,5.4,15.7
18/04/2026 22:31,T-08,78.2,5.3,17
18/04/2026 22:32,T-06,67.3,9.9,16.5
18/04/2026 22:33,T-05,56,10.7,16
18/04/2026 22:34,T-06,57.5,5.5,12.8
18/04/2026 22:35,T-09,73.9,3.4,15.7
18/04/2026 22:36,T-06,51,3.5,12.7
18/04/2026 22:37,T-08,67.7,2.1,13.6
18/04/2026 22:38,T-10,79.5,3.7,15.9
18/04/2026 22:39,T-08,53,7.3,16
18/04/2026 22:40,T-07,73.4,18.9,12.9
18/04/2026 22:41,T-08,52.9,11,15.1
18/04/2026 22:42,T-04,87.8,8.5,13.8
18/04/2026 22:43,T-07,72.2,16.1,15.3
18/04/2026 22:44,T-01,74.7,6.6,16.9
18/04/2026 22:45,T-06,69.2,11.3,16.7
18/04/2026 22:46,T-02,67.4,5.2,13.6
18/04/2026 22:47,T-09,57.5,8.1,15
18/04/2026 22:48,T-06,62.4,2.9,16.8
18/04/2026 22:49,T-02,77.9,2.3,16.8
18/04/2026 22:50,T-05,51.7,11.2,16.3
18/04/2026 22:51,T-04,92.2,5.6,15.8
18/04/2026 22:52,T-07,68.2,17,17.7
18/04/2026 22:53,T-07,67.1,20.9,17.9
18/04/2026 22:54,T-06,72,3.1,16.8
18/04/2026 22:55,T-06,53.7,4.2,15.5
18/04/2026 22:56,T-03,62.3,3.3,17.6
18/04/2026 22:57,T-04,88.8,5.4,17.7
18/04/2026 22:58,T-10,69.5,11.4,12.9
18/04/2026 22:59,T-10,53,2.6,15.8
18/04/2026 23:00,T-01,74.7,11,16.5
18/04/2026 23:01,T-05,58.9,4.8,16.5
18/04/2026 23:02,T-04,91.3,7.5,15.3
18/04/2026 23:03,T-09,74.3,10.8,16.5
18/04/2026 23:04,T-03,74,8.6,17.2
18/04/2026 23:05,T-02,64.4,5.3,12.6
18/04/2026 23:06,T-01,53.2,9.9,13.6
18/04/2026 23:07,T-07,69.3,21.5,16.6
18/04/2026 23:08,T-08,62.2,2.2,13.4
18/04/2026 23:09,T-01,69.5,8.1,17
18/04/2026 23:10,T-01,63.5,7.7,15.1
18/04/2026 23:11,T-02,74.2,11.8,16.8
18/04/2026 23:12,T-08,78.7,11,14.7
18/04/2026 23:13,T-01,73.9,6,13.2
18/04/2026 23:14,T-01,66.8,7.1,14.6
18/04/2026 23:15,T-08,54.7,8.1,12.8
18/04/2026 23:16,T-06,69.2,4.5,15.5
18/04/2026 23:17,T-09,62.7,9.2,14.1
18/04/2026 23:18,T-01,52.5,8.6,16.7
18/04/2026 23:19,T-06,64.6,2.5,12.3
18/04/2026 23:20,T-07,72.8,23.9,17.7
18/04/2026 23:21,T-03,69.1,4.1,17
18/04/2026 23:22,T-05,73.1,6.4,15.7
18/04/2026 23:23,T-06,69.1,8.6,12.4
18/04/2026 23:24,T-06,68.7,6.3,15.6
18/04/2026 23:25,T-01,61.5,6.4,13.1
18/04/2026 23:26,T-09,76.5,3.8,13.8
18/04/2026 23:27,T-09,79.7,2.9,13.5
18/04/2026 23:28,T-06,64.3,6.2,16.7
18/04/2026 23:29,T-01,77.6,8.4,16
18/04/2026 23:30,T-04,89.8,9,17.7
18/04/2026 23:31,T-07,68.7,18.2,12.8
18/04/2026 23:32,T-05,79.9,10.9,14.7
18/04/2026 23:33,T-08,70.9,8.6,12.5
18/04/2026 23:34,T-07,72.8,24.1,13.6
18/04/2026 23:35,T-05,79.1,6.9,15.5
18/04/2026 23:36,T-09,55.1,11.8,12.8
18/04/2026 23:37,T-05,70.7,4.2,14.6
18/04/2026 23:38,T-08,78.1,6.9,14.4
18/04/2026 23:39,T-09,67.8,3.9,15.1
18/04/2026 23:40,T-09,74.1,4.5,12.3
18/04/2026 23:41,T-04,90.8,9,15.6
18/04/2026 23:42,T-08,69.5,9.1,12.6
18/04/2026 23:43,T-03,63.6,10.8,12.5
18/04/2026 23:44,T-04,94.2,9.4,12.4
18/04/2026 23:45,T-07,60.4,23.5,15.9
18/04/2026 23:46,T-06,76.1,4,13
18/04/2026 23:47,T-06,66.9,9.4,17.7
18/04/2026 23:48,T-02,72.7,2.8,17.4
18/04/2026 23:49,T-08,77.9,6.5,15.2
18/04/2026 23:50,T-02,55.8,7.3,15.8
18/04/2026 23:51,T-03,62.6,9.3,15.1
18/04/2026 23:52,T-08,61.1,7.7,15.9
18/04/2026 23:53,T-09,60,10.6,13.9
18/04/2026 23:54,T-02,72,6.8,14.7
18/04/2026 23:55,T-09,59.5,7.3,16.1
18/04/2026 23:56,T-05,72.8,6.9,15.6
18/04/2026 23:57,T-09,79,8,13.3
18/04/2026 23:58,T-02,70.4,3.9,15
18/04/2026 23:59,T-10,51.2,3.1,14
19/04/2026 00:00,T-07,67.4,22.1,12.3
19/04/2026 00:01,T-08,56.6,2.7,12.9
19/04/2026 00:02,T-03,53.8,11.1,12.2
19/04/2026 00:03,T-04,92,9.3,17.1
19/04/2026 00:04,T-01,73.6,9.3,13.8
19/04/2026 00:05,T-03,78.4,2.1,15.1
19/04/2026 00:06,T-02,71.5,6.3,16.1
19/04/2026 00:07,T-04,88.6,7.9,15.1
19/04/2026 00:08,T-02,65.9,3.2,14.4
19/04/2026 00:09,T-06,72.7,2.2,17.7
19/04/2026 00:10,T-08,60.2,9.3,13.4
19/04/2026 00:11,T-04,92.2,5.3,16.1
19/04/2026 00:12,T-02,70.8,8.9,12.4
19/04/2026 00:13,T-03,55.2,4.8,13.4
19/04/2026 00:14,T-07,73.8,24.9,16
19/04/2026 00:15,T-06,78.2,6.4,15.9
19/04/2026 00:16,T-05,57.1,8.3,15
19/04/2026 00:17,T-03,67,8.7,17
19/04/2026 00:18,T-06,69.5,5.1,12.7
19/04/2026 00:19,T-03,77.6,6.1,13.3
19/04/2026 00:20,T-07,64,17.3,16.4
19/04/2026 00:21,T-09,50.9,9,15.3
19/04/2026 00:22,T-09,70.6,9.4,17.7
19/04/2026 00:23,T-09,75.7,11.6,13.1
19/04/2026 00:24,T-01,73.9,4.6,16.7
19/04/2026 00:25,T-04,93.8,5.9,13.8
19/04/2026 00:26,T-10,74.3,2.2,18
19/04/2026 00:27,T-03,64.1,8,12.5
19/04/2026 00:28,T-03,78.2,8.3,14
19/04/2026 00:29,T-09,71.9,4.2,15
19/04/2026 00:30,T-04,92.6,9.4,17.7
19/04/2026 00:31,T-05,73.8,10.1,12.8
19/04/2026 00:32,T-02,71.1,2.9,17.3
19/04/2026 00:33,T-10,55.4,8.4,17.1
19/04/2026 00:34,T-10,64.1,9.8,12.9
19/04/2026 00:35,T-06,55.1,5.7,17.8
19/04/2026 00:36,T-03,66.2,4.1,16.1
19/04/2026 00:37,T-04,86.6,9.4,13.6
19/04/2026 00:38,T-04,86.7,5.1,12.3
19/04/2026 00:39,T-05,59.8,11.3,15.3
19/04/2026 00:40,T-09,67.3,5.5,13.5
19/04/2026 00:41,T-01,60.3,11.1,13.3
19/04/2026 00:42,T-06,76.7,2.3,12.4
19/04/2026 00:43,T-01,53.6,4.5,15.1
19/04/2026 00:44,T-10,51.6,2.8,12.3
19/04/2026 00:45,T-05,52.2,3.9,12.2
19/04/2026 00:46,T-03,60.6,8.4,15.2
19/04/2026 00:47,T-06,73.4,10.6,17.7
19/04/2026 00:48,T-04,91.2,9.1,17.4
19/04/2026 00:49,T-05,63.6,9,12.3
19/04/2026 00:50,T-04,94.4,5.3,16.3
19/04/2026 00:51,T-05,70,7.4,14
19/04/2026 00:52,T-08,51.4,4,16.7
19/04/2026 00:53,T-09,55,11.3,16.6
19/04/2026 00:54,T-01,65,2,14.2
19/04/2026 00:55,T-03,53.7,7.3,13.3
19/04/2026 00:56,T-07,70.4,21.1,13.4
19/04/2026 00:57,T-05,62.3,3.8,12.8
19/04/2026 00:58,T-02,75.8,4,12.9
19/04/2026 00:59,T-04,87.5,9.2,14.6
19/04/2026 01:00,T-10,66.8,7.7,17.5
19/04/2026 01:01,T-05,72.5,5.8,17.1
19/04/2026 01:02,T-08,71.8,4.6,13.7
19/04/2026 01:03,T-10,61.2,11.4,14.5
19/04/2026 01:04,T-08,58.2,6.8,13.3
19/04/2026 01:05,T-04,87.8,6,16
19/04/2026 01:06,T-07,61.6,24.2,14.5
19/04/2026 01:07,T-05,62.9,7.5,17.3
19/04/2026 01:08,T-10,56.1,8.5,14.7
19/04/2026 01:09,T-09,69.5,4.4,17.4
19/04/2026 01:10,T-04,88.5,7.8,16.6
19/04/2026 01:11,T-02,63.7,5.8,13.4
19/04/2026 01:12,T-04,86.9,8.6,14.7
19/04/2026 01:13,T-04,87.5,6.7,16.6
19/04/2026 01:14,T-08,64.1,7.1,16.2
19/04/2026 01:15,T-01,72.7,3.2,17.8
19/04/2026 01:16,T-08,51.9,5.4,17.9
19/04/2026 01:17,T-04,93.6,9.2,17.3
19/04/2026 01:18,T-02,52.6,10.3,17.4
19/04/2026 01:19,T-03,66.8,11,17.4
19/04/2026 01:20,T-09,72.8,3.2,13.3
19/04/2026 01:21,T-01,71.1,10.2,12.3
19/04/2026 01:22,T-03,67.4,6.7,15.9
19/04/2026 01:23,T-01,76.9,7.7,17.2
19/04/2026 01:24,T-04,94.3,9.1,14.2
19/04/2026 01:25,T-10,78.2,9.5,15.3
19/04/2026 01:26,T-03,62.9,8.2,16
19/04/2026 01:27,T-07,62.4,23.1,13.8
19/04/2026 01:28,T-07,65.4,19.6,16.4
19/04/2026 01:29,T-05,65,2.9,13.7
19/04/2026 01:30,T-06,74.5,4,14.1
19/04/2026 01:31,T-10,53.2,11.2,13
19/04/2026 01:32,T-05,72.1,2.4,16.2
19/04/2026 01:33,T-03,77.6,5,17.3
19/04/2026 01:34,T-02,54.1,5.2,17
19/04/2026 01:35,T-07,71.5,16.6,17.3
19/04/2026 01:36,T-07,70.6,21.7,15
19/04/2026 01:37,T-04,93.8,5.2,13.9
19/04/2026 01:38,T-03,60.3,11.5,17.7
19/04/2026 01:39,T-08,70.6,5.2,14.1
19/04/2026 01:40,T-03,60.8,4.3,12.5
19/04/2026 01:41,T-04,94.8,9.7,16.3
19/04/2026 01:42,T-10,65.2,3.7,18
19/04/2026 01:43,T-07,73.3,17,15.1
19/04/2026 01:44,T-04,90.5,7,17.3
19/04/2026 01:45,T-02,55.9,7.7,14.6
19/04/2026 01:46,T-06,74.1,10.1,15.2
19/04/2026 01:47,T-05,64.3,5.6,13.9
19/04/2026 01:48,T-04,94.8,9.7,12.1
19/04/2026 01:49,T-09,78.6,8.3,17.6
19/04/2026 01:50,T-09,55.8,4.7,13
19/04/2026 01:51,T-03,52.9,11,17.7
19/04/2026 01:52,T-08,60.8,3.7,16.7
19/04/2026 01:53,T-07,68.3,24.2,16.8
19/04/2026 01:54,T-02,76,2.1,14
19/04/2026 01:55,T-06,54.3,4.3,12.2
19/04/2026 01:56,T-02,79.3,6.1,14.9
19/04/2026 01:57,T-04,88.9,6.2,12.9
19/04/2026 01:58,T-07,63.8,20.6,17.3
19/04/2026 01:59,T-05,79.6,9.2,12.8
19/04/2026 02:00,T-05,61.8,3.1,14.5
19/04/2026 02:01,T-05,58.4,10.4,12.3
19/04/2026 02:02,T-09,79.1,9.5,12.9
19/04/2026 02:03,T-05,58.5,11.7,15.5
19/04/2026 02:04,T-06,58,10.1,16.1
19/04/2026 02:05,T-01,58.2,3.8,14.7
19/04/2026 02:06,T-06,67.4,6.9,14.6
19/04/2026 02:07,T-08,56.9,2.8,14.6
19/04/2026 02:08,T-08,62.4,10,16.7
19/04/2026 02:09,T-04,93,9.5,14.6
19/04/2026 02:10,T-08,73.2,6.7,15.4
19/04/2026 02:11,T-02,75.2,4.4,14.6
19/04/2026 02:12,T-02,65.6,7.2,14.4
19/04/2026 02:13,T-04,94.4,8.4,15.4
19/04/2026 02:14,T-02,58.1,10.7,14.8
19/04/2026 02:15,T-06,60.8,3.1,14.1
19/04/2026 02:16,T-01,70.6,6,13.5
19/04/2026 02:17,T-07,74.9,17.7,17.2
19/04/2026 02:18,T-05,50.9,10.3,14.3
19/04/2026 02:19,T-02,71.3,8.6,14.1
19/04/2026 02:20,T-03,61.9,3.7,12.7
19/04/2026 02:21,T-09,76.2,8.8,14.9
19/04/2026 02:22,T-10,79.6,2.7,12.7
19/04/2026 02:23,T-06,57.4,4.3,14.4
19/04/2026 02:24,T-05,66.9,5,16.1
19/04/2026 02:25,T-01,79.9,6.1,14.9
19/04/2026 02:26,T-07,70.5,16.7,16.3
19/04/2026 02:27,T-06,76.1,7.5,15.1
19/04/2026 02:28,T-06,71.1,3.7,14.6
19/04/2026 02:29,T-07,69.4,16.6,14
19/04/2026 02:30,T-05,54.8,9,15.4
19/04/2026 02:31,T-06,78.9,6.7,12.8
19/04/2026 02:32,T-02,51.4,3.9,13.2
19/04/2026 02:33,T-10,51,9.1,16.9
19/04/2026 02:34,T-07,70,16.3,15.1
19/04/2026 02:35,T-05,62,9.1,12.7
19/04/2026 02:36,T-08,73,9.6,17
19/04/2026 02:37,T-09,79.7,8,13
19/04/2026 02:38,T-09,71,7.2,14
19/04/2026 02:39,T-07,73.6,24.9,16.7
19/04/2026 02:40,T-01,74.1,3.1,17.6
19/04/2026 02:41,T-05,57.5,3.3,17.1
19/04/2026 02:42,T-08,68.7,6,12.9
19/04/2026 02:43,T-08,70.4,4.5,16.3
19/04/2026 02:44,T-10,69,8.1,17.1
19/04/2026 02:45,T-02,54.3,7.8,17
19/04/2026 02:46,T-04,89,5.1,17.3
19/04/2026 02:47,T-02,69.9,10,12
19/04/2026 02:48,T-03,57.5,4.3,12.2
19/04/2026 02:49,T-08,78.1,10.7,16.6
19/04/2026 02:50,T-01,76.6,4.2,12.3
19/04/2026 02:51,T-10,61,7.5,14.9
19/04/2026 02:52,T-03,66.5,3.5,17.4
19/04/2026 02:53,T-04,89.2,8.7,14
19/04/2026 02:54,T-06,56.7,11.5,15.9
19/04/2026 02:55,T-07,67.2,22.1,14.4
19/04/2026 02:56,T-01,76.6,9.4,14.1
19/04/2026 02:57,T-05,62.9,2.6,13.1
19/04/2026 02:58,T-01,59.8,6.5,16.5
19/04/2026 02:59,T-10,57.9,10.8,13.3
19/04/2026 03:00,T-08,57.3,6.9,15
19/04/2026 03:01,T-06,60.9,3.8,14.9
19/04/2026 03:02,T-02,71.6,7.6,14.3
19/04/2026 03:03,T-10,79.7,9,14.6
19/04/2026 03:04,T-03,77.4,4.6,17.1
19/04/2026 03:05,T-07,71.5,19,15.7
19/04/2026 03:06,T-02,76.7,2.3,17.4
19/04/2026 03:07,T-08,78.2,9.6,14
19/04/2026 03:08,T-01,51.1,8.8,14.4
19/04/2026 03:09,T-01,62.3,3.5,14
19/04/2026 03:10,T-02,68.3,8.1,16.3
19/04/2026 03:11,T-04,93.8,9.3,14.5
19/04/2026 03:12,T-03,54.7,2.7,17.2
19/04/2026 03:13,T-07,66.9,18.3,16.8
19/04/2026 03:14,T-09,65.1,5.5,15.9
19/04/2026 03:15,T-01,56.4,5.2,15.5
19/04/2026 03:16,T-05,70,3,12.5
19/04/2026 03:17,T-01,58,4.3,12.2
19/04/2026 03:18,T-05,68.2,5.3,16.2
19/04/2026 03:19,T-09,62.8,7.1,15.3
19/04/2026 03:20,T-02,76.6,4.7,17.2
19/04/2026 03:21,T-06,59.3,10.2,14.1
19/04/2026 03:22,T-04,91.6,7.9,14.6
19/04/2026 03:23,T-02,66.2,3.3,15.5
19/04/2026 03:24,T-09,64.4,6.1,12.1
19/04/2026 03:25,T-04,87.9,8.6,15.9
19/04/2026 03:26,T-02,67.2,10.5,15.8
19/04/2026 03:27,T-09,72.4,9.7,12.7
19/04/2026 03:28,T-04,90.6,5.2,16
19/04/2026 03:29,T-01,64.9,6.9,12.7
19/04/2026 03:30,T-10,67.5,4.8,16.6
19/04/2026 03:31,T-10,70.3,6.7,16.2
19/04/2026 03:32,T-10,77.8,9.1,13.2
19/04/2026 03:33,T-10,58.7,7.3,17
19/04/2026 03:34,T-05,79.1,10.9,17.3
19/04/2026 03:35,T-03,74.8,10.4,13.9
19/04/2026 03:36,T-09,66,6.8,12.5
19/04/2026 03:37,T-09,60.1,2.2,13.9
19/04/2026 03:38,T-07,73.8,18.4,14.2
19/04/2026 03:39,T-01,64.4,5.3,13.9
19/04/2026 03:40,T-10,59,5.3,14.4
19/04/2026 03:41,T-07,61.8,20.5,13.5
19/04/2026 03:42,T-01,77.9,7.8,14.1
19/04/2026 03:43,T-09,58.6,7,12.3
19/04/2026 03:44,T-08,58.3,7,15.6
19/04/2026 03:45,T-02,54.4,2.4,12.4
19/04/2026 03:46,T-09,51.9,7.7,14.4
19/04/2026 03:47,T-06,77.8,9.4,17.2
19/04/2026 03:48,T-04,87.6,6.7,17.2
19/04/2026 03:49,T-06,62.6,5.8,15.2
19/04/2026 03:50,T-07,66.4,19.2,16.3
19/04/2026 03:51,T-01,76.1,4.7,15.2
19/04/2026 03:52,T-02,55,9.4,13.1
19/04/2026 03:53,T-06,70,4.4,16.6
19/04/2026 03:54,T-07,68.6,17.6,12.1
19/04/2026 03:55,T-05,75.2,3.8,16.5
19/04/2026 03:56,T-04,88.6,6.4,12.8
19/04/2026 03:57,T-03,51.4,9,17.7
19/04/2026 03:58,T-04,94.2,7.2,14.8
19/04/2026 03:59,T-03,75.5,3.6,17.3
19/04/2026 04:00,T-04,88,6.2,14.4
19/04/2026 04:01,T-02,69.7,7.7,16.8
19/04/2026 04:02,T-02,61.9,8.3,14.5
19/04/2026 04:03,T-04,93.5,6,14.5
19/04/2026 04:04,T-10,65.8,11,16.3
19/04/2026 04:05,T-07,67.5,20.2,13.9
19/04/2026 04:06,T-01,60.7,10.1,14.6
19/04/2026 04:07,T-10,77.1,6.2,15.2
19/04/2026 04:08,T-05,79.3,9.3,16.2
19/04/2026 04:09,T-10,78.2,8.6,17.3
19/04/2026 04:10,T-09,74.1,5.1,17.1
19/04/2026 04:11,T-06,70.8,8.3,17.4
19/04/2026 04:12,T-08,54.8,6.5,14.9
19/04/2026 04:13,T-02,74.2,7.5,17.5
19/04/2026 04:14,T-01,63.2,4.8,16
19/04/2026 04:15,T-02,61.1,3.6,15.2
19/04/2026 04:16,T-06,59.1,7.9,17.5
19/04/2026 04:17,T-02,75.9,9.3,15.3
19/04/2026 04:18,T-03,67.1,3.5,12.7
19/04/2026 04:19,T-04,90.6,8.5,14.2
19/04/2026 04:20,T-03,63,2.3,16.4
19/04/2026 04:21,T-01,73.3,10.4,12.5
19/04/2026 04:22,T-04,93.1,9.5,12.3
19/04/2026 04:23,T-04,89.2,7.9,17.5
19/04/2026 04:24,T-08,76.6,4.5,16.1
19/04/2026 04:25,T-03,77.2,3.5,14.4
19/04/2026 04:26,T-09,61.4,11.3,15.5
19/04/2026 04:27,T-01,68.7,9,17.9
19/04/2026 04:28,T-05,52.3,6.9,15.8
19/04/2026 04:29,T-04,87.2,8.4,12.7
19/04/2026 04:30,T-05,69.2,2.3,13.8
19/04/2026 04:31,T-09,60.4,10.9,17.3
19/04/2026 04:32,T-01,78.7,10.1,17.5
19/04/2026 04:33,T-04,88.4,7,13.9
19/04/2026 04:34,T-04,87.5,7.2,17.6
19/04/2026 04:35,T-02,63.6,4.8,15.1
19/04/2026 04:36,T-05,78.5,2.6,14.6
19/04/2026 04:37,T-09,57.1,4.6,15.8
19/04/2026 04:38,T-05,58,10,16.8
19/04/2026 04:39,T-02,51.2,8.2,17.4
19/04/2026 04:40,T-01,77.7,2.7,13.9
19/04/2026 04:41,T-03,72.7,5.1,17.9
19/04/2026 04:42,T-02,51.4,8.3,12.1
19/04/2026 04:43,T-06,58.3,7.1,17.8
19/04/2026 04:44,T-10,61.7,8,13.8
19/04/2026 04:45,T-02,74.4,11.4,17.9
19/04/2026 04:46,T-10,70.9,11.1,15.1
19/04/2026 04:47,T-10,53.5,9.7,17.3
19/04/2026 04:48,T-10,61.5,3.9,13.6
19/04/2026 04:49,T-06,72.9,9.8,15.1
19/04/2026 04:50,T-08,57,11.4,16.4
19/04/2026 04:51,T-08,75.5,10.1,16.5
19/04/2026 04:52,T-10,62,11.3,14.5
19/04/2026 04:53,T-06,59.6,11.3,12.3
19/04/2026 04:54,T-08,69.6,6.3,16.2
19/04/2026 04:55,T-10,61.8,3.8,16.8
19/04/2026 04:56,T-05,60.5,5,17.4
19/04/2026 04:57,T-06,71.4,11.4,17.2
19/04/2026 04:58,T-01,78.5,3.3,15.1
19/04/2026 04:59,T-03,55.2,2.9,15.5
19/04/2026 05:00,T-10,57.4,6.4,16.8
19/04/2026 05:01,T-05,78,10.6,16.5
19/04/2026 05:02,T-03,76.3,5.4,17.6
19/04/2026 05:03,T-05,63.5,9.5,13.7
19/04/2026 05:04,T-06,53.9,9.1,12.3
19/04/2026 05:05,T-10,50.1,7.5,12.4
19/04/2026 05:06,T-09,62.1,3.9,14.5
19/04/2026 05:07,T-01,79.7,9.5,15.9
19/04/2026 05:08,T-10,51.8,2.1,17
19/04/2026 05:09,T-06,67.4,5.3,15.1
19/04/2026 05:10,T-09,65.2,9.6,15
19/04/2026 05:11,T-10,70.5,10.7,15.1
19/04/2026 05:12,T-04,92.7,7.2,17.5
19/04/2026 05:13,T-10,52.7,5.3,16.7
19/04/2026 05:14,T-02,55.6,9.4,14.4
19/04/2026 05:15,T-03,72.8,5.8,14
19/04/2026 05:16,T-03,73.7,9.6,15.5
19/04/2026 05:17,T-03,67.7,3.3,16.1
19/04/2026 05:18,T-05,69.5,4.5,12.2
19/04/2026 05:19,T-07,69,18.3,15
19/04/2026 05:20,T-01,60.3,10.6,12.2
19/04/2026 05:21,T-05,61.1,11.9,17.2
19/04/2026 05:22,T-04,92.1,6.3,17
19/04/2026 05:23,T-05,62.5,8.9,17.9
19/04/2026 05:24,T-07,66.8,21.9,14
19/04/2026 05:25,T-03,78.9,2.2,14.6
19/04/2026 05:26,T-06,76.4,8.3,15.6
19/04/2026 05:27,T-04,94.8,9.6,13.7
19/04/2026 05:28,T-03,54.2,4.9,16.2
19/04/2026 05:29,T-08,57.1,10.1,17.7
19/04/2026 05:30,T-05,71.3,5.4,16.6
19/04/2026 05:31,T-02,72.4,4.8,16.1
19/04/2026 05:32,T-07,70.3,22.1,12.8
19/04/2026 05:33,T-04,88.4,7.5,15
19/04/2026 05:34,T-09,52.4,6.8,12.5
19/04/2026 05:35,T-04,87.6,6.2,12.7
19/04/2026 05:36,T-10,66.5,7.8,13.7
19/04/2026 05:37,T-05,71.3,4.2,15.5
19/04/2026 05:38,T-02,70.5,7.1,16.2
19/04/2026 05:39,T-02,71.6,11.5,14.2
19/04/2026 05:40,T-07,66.9,22,14.6
19/04/2026 05:41,T-05,73.7,3,12.3
19/04/2026 05:42,T-09,66.3,6.5,17.4
19/04/2026 05:43,T-09,51.2,6.7,15.4
19/04/2026 05:44,T-03,65.4,7,17.7
19/04/2026 05:45,T-07,65.7,24.3,16
19/04/2026 05:46,T-07,68,18.2,16.9
19/04/2026 05:47,T-04,86,9.1,12.5
19/04/2026 05:48,T-04,90.9,7.6,14.7
19/04/2026 05:49,T-05,55.1,7.4,14.7
19/04/2026 05:50,T-01,59.1,6.7,15
19/04/2026 05:51,T-07,70.8,22.9,12.4
19/04/2026 05:52,T-08,54.9,8,14.4
19/04/2026 05:53,T-09,64.8,3.7,16.7
19/04/2026 05:54,T-06,78.3,3.1,16.1
19/04/2026 05:55,T-04,89.5,8.4,17.4
19/04/2026 05:56,T-10,62,11.4,15.3
19/04/2026 05:57,T-10,71.2,7.5,15.3
19/04/2026 05:58,T-05,60,2,14.2
19/04/2026 05:59,T-09,51.1,8.5,14.8
19/04/2026 06:00,T-05,76,8.4,13.2
19/04/2026 06:01,T-06,51.2,5.5,12.9
19/04/2026 06:02,T-04,90.7,8.5,12.3
19/04/2026 06:03,T-05,56.5,8.4,16.3
19/04/2026 06:04,T-02,66.2,9.7,12.6
19/04/2026 06:05,T-04,90.3,9.1,15.2
19/04/2026 06:06,T-01,61.3,9,16.5
19/04/2026 06:07,T-09,78.9,5.9,16.5
